Country Name,Country Code,Indicator Name,Indicator Code,1960,1961,1962,1963,1964,1965,1966,1967,1968,1969,1970,1971,1972,1973,1974,1975,1976,1977,1978,1979,1980,1981,1982,1983,1984,1985,1986,1987,1988,1989,1990,1991,1992,1993,1994,1995,1996,1997,1998,1999,2000,2001,2002,2003,2004,2005,2006,2007,2008,2009,2010,2011,2012,2013,2014,2015,2016,2017,2018,2019,2020,2021,2022
IBRD only,IBD,Exports of goods and services (% of GDP),NE.EXP.GNFS.ZS,10.030.184.184.754,11.475.408.331.094,1.979.387.267.512,5.9375,11.188.147.885.704,9.999.669.224.907,12.911.163.973.423,1.074.301.803.615,11.218.998.294.412,1.802.808.464.112,1.068.877.683.141,262.996.898.095,5.128.935.717.497,1.325.872.151.432,483.132.100.337,13.196.875.708.287,1.172.908.337.768,937.878.192.187,24.564.198.401.243,14.288.721.779.185,10.500.681.427.199,14.477.760.062.644,2.291.790.664.544,369.598.599.143,10.749.774.526.691,1.685.238.173.991,12.296.222.586.739,1.708.942.400.905,16.103.675.330.358,29.582.311.977.181,12.870.270.784.698,2.182.198.401.817,1.251.350.576.868,2.042.792.688.032,1.610.560.200.014,10.864.634.213.863,23.055.564.872,2.552.319.541.576,181.716.066.211,1.688.961.205.672,10.651.409.293.254,1.237.171.066.993,1.596.270.493.648,2.879.340.539.749,1.910.166.287.579,4.501.548.061.554,9.587.432.732.187,13.327.675.103.099,2.214.072.026.628,10.367.566.065.634,21.874.380.518.556,13.127.820.098.599,4.811.502.383.229,25.167.158.727,3.248.559.818.352,2.839.064.612.994,1.754.085.950.071,309.486.331.871,12.541.975.333.359,18.664.264.897.257,18.705.247.356.868,16.328.298.336.556,12.215.242.879.819
Middle income,MIC,Exports of goods and services (% of GDP),NE.EXP.GNFS.ZS,10.753.147.606.653,13.330.985.042.232,10.241.499.477.094,13.233.680.013.416,18.512.720.160.744,10.402.356.995.332,27.115.170.431.526,10.550.179.989.034,11.518.856.031.114,8.502.945.502.182,1.609.353.403.701,12.639.948.479.144,5.128.935.717.497,22.560.786.276.015,14.540.113.653.283,14.141.642.932.848,15.739.963.649.851,2.561.551.842.547,63.148.252.345.082,15.173.787.355.332,15.032.970.370.049,18.561.803.025.361,13.519.015.558.184,11.581.767.489.546,15.646.411.249.353,13.738.524.870.531,15.334.294.012.446,12.621.359.223.301,17.980.878.530.468,81.456.293.416.566,14.788.718.407.651,2.911.782.217.052,15.256.744.442.975,2.206.075.149.691,12.771.482.770.164,16.709.969.655.752,1.754.350.924.621,12.253.565.786.388,343.098.842.791,19.292.023.195.998,13.708.701.191.566,20.070.249.419.803,19.726.610.778.332,4.067.904.265.112,2.291.223.375.085,14.411.416.011.146,11.218.548.084.399,27.527.235.888.679,25.246.486.153.685,10.851.371.134.098,24.399.653.282.909,13.966.669.657.767,24.583.177.865.511,24.599.254.436.897,15.945.862.927.875,12.877.325.314.832,1.754.085.950.071,20.327.763.599.531,17.984.655.608.418,21.830.984.704.611,36.359.590.549.146,22.498.704.277.993,13.267.355.947.447
Australia,AUS,Exports of goods and services (% of GDP),NE.EXP.GNFS.ZS,12.436.972.281.619,14.410.635.155.096,11.340.206.185.567,18.204.478.938.997,20.295.846.211.353,13.277.504.284.655,34.944.670.937.682,12.861.925.609.801,23.940.620.782.726,10.611.470.149.591,5.601.566.676.004,28.639.355.102.812,14.565.098.290.729,27.393.834.680.633,20.367.410.342.421,14.528.245.927.767,17.167.317.960.803,3.058.656.693.011,104.709.713.307.659,15.534.170.374.584,16.217.980.786.889,30.961.436.324.455,17.338.091.768.643,22.436.327.077.748,59.092.661.611.618,18.230.563.002.681,16.051.899.759.743,13.745.615.204.776,18.149.955.552.608,81.456.293.416.566,15.471.960.236.873,12.017.960.053.768,24.689.347.619.694,12.057.034.550.898,19.549.337.805.111,21.431.026.119.032,15.199.461.701.397,12.253.565.786.388,11.018.469.179.248,22.634.669.282.591,13.708.701.191.566,63.250.689.756.653,27.148.866.308.331,15.299.837.885.044,13.997.917.508.823,14.458.821.843.369,18.057.925.712.964,27.853.257.510.199,33.091.837.576.138,14.977.850.620.897,107.428.871.582.736,21.303.548.885.652,25.267.092.636.425,25.430.861.300.519,19.855.015.881.653,42.989.561.527.711,19.272.258.011.581,21.231.183.492.644,18.061.846.435.774,23.071.793.459.759,43.847.302.531.012,22.774.289.882.467,20.045.538.006.281
Sub-Saharan Africa (IDA & IBRD countries),TSS,Exports of goods and services (% of GDP),NE.EXP.GNFS.ZS,15.694.579.144.343,19.795.627.361.215,13.812.121.930.969,32.032.947.656.704,20.357.998.612.662,33.280.529.953.917,42.512.729.917.905,19.759.867.721.997,30.915.833.180.652,11.773.219.224.993,10.586.235.015.373,60.944.654.513.617,16.599.104.904.281,33.440.076.025.627,27.556.648.777.579,22.547.755.586.316,50.386.398.763.524,15.554.627.488.425,110.667.051.302.178,15.854.514.573.617,18.275.493.392.844,47.558.725.525.294,22.379.034.286.615,104.595.176.968.158,75.898.953.117.888,21.030.020.129.855,16.313.368.749.565,14.327.442.813.202,25.041.659.395.038,113.296.364.132.411,15.697.191.461.944,14.788.876.884.999,65.981.874.720.374,13.323.446.113.405,20.279.818.070.143,28.626.252.008.487,17.024.861.564.074,13.359.513.678.728,16.214.335.421.016,28.150.113.118.469,15.915.139.715.438,95.605.178.619.468,30.724.010.155.589,15.299.837.885.044,14.300.391.937.677,18.483.639.980.467,19.252.084.644.369,27.958.964.394.702,33.091.837.576.138,20.745.029.066.412,108.655.847.746.965,24.186.975.308.385,30.164.809.271.004,27.570.565.319.312,25.490.764.767.908,106.044.113.782.278,19.769.877.992.839,43.734.721.932.138,18.061.846.435.774,34.093.057.468.891,102.855.092.327.417,23.442.015.606.472,24.714.015.482.299
Sub-Saharan Africa (excluding high income),SSA,Exports of goods and services (% of GDP),NE.EXP.GNFS.ZS,20.925.767.485.336,40.437.520.715.943,14.030.383.007.459,33.935.451.677.639,20.357.998.612.662,52.762.547.448.334,74.710.197.368.421,19.771.680.798.838,33.025.629.264.377,11.934.784.599.884,10.649.953.375.671,84.357.498.971.691,18.135.986.783.297,104.178.928.781.636,57.546.408.393.866,64.634.008.273.135,106.478.782.485.962,103.190.914.007.572,117.076.927.839.069,17.908.078.493.992,19.324.074.312.413,114.213.323.825.064,23.387.580.942.579,105.615.373.112.008,113.134.389.053.871,54.907.706.208.855,16.442.611.490.561,15.580.840.422.955,110.149.045.926.492,130.584.089.085.641,19.181.303.010.653,18.221.032.225.954,75.983.860.049.641,13.554.006.603.149,35.884.658.668.301,41.532.345.065.243,17.564.311.239.295,16.081.953.225.121,21.465.490.439.362,28.309.113.885.765,20.893.697.201.735,110.402.491.356.547,52.730.582.054.494,20.704.998.914.845,24.445.781.621.576,25.454.901.513.817,20.464.786.179.231,30.249.731.471.536,34.470.419.557.478,64.479.912.106.445,116.258.010.719.319,27.355.177.023.174,31.288.871.195.581,28.379.280.320.361,27.335.899.389.527,107.056.520.504.538,19.769.877.992.839,70.011.742.508.597,24.644.391.572.992,114.217.334.486.184,104.427.880.616.037,24.439.760.607.065,24.951.196.950.242
Algeria,DZA,Exports of goods and services (% of GDP),NE.EXP.GNFS.ZS,21.185.106.017.472,59.949.469.947.787,24.107.405.487.933,38.213.602.129.436,22.472.647.702.407,72.675.630.638.551,102.842.808.274.445,23.434.416.768.712,99.969.495.519.139,17.803.428.809.807,11.505.228.881.167,102.114.266.344.836,56.747.304.028.231,107.643.320.218.728,60.449.298.805.627,64.634.008.273.135,107.257.424.707.898,104.989.698.109.827,120.842.528.271.865,18.842.476.862.412,29.516.964.217.512,118.512.305.745.539,45.083.898.499.245,121.834.752.611.921,113.946.574.813.841,105.661.887.888.986,16.682.179.926.956,19.662.600.536.193,116.673.585.476.931,134.954.289.813.034,30.610.707.909.123,24.450.452.735.338,105.569.638.185.702,13.673.802.849.848,102.717.650.485.534,108.439.680.348.823,21.409.914.997.246,16.142.942.543.952,52.968.134.566.078,29.888.891.197.967,24.196.827.890.025,115.180.826.372.043,61.809.282.895.469,24.086.815.305.421,25.266.928.255.823,27.618.174.102.084,20.464.786.179.231,31.091.462.930.086,42.694.505.409.321,123.957.524.208.681,135.162.678.459.051,28.298.849.525.075,33.265.613.703.377,32.087.463.589.174,29.666.684.498.073,129.001.914.177.405,23.909.379.521.893,113.202.833.596.733,24.849.943.036.714,114.279.966.637.126,124.727.757.370.868,25.339.627.315.197,27.051.978.985.969
Central African Republic,CAF,Exports of goods and services (% of GDP),NE.EXP.GNFS.ZS,31.095.746.519.435,100.984.891.136.974,51.681.521.983.372,113.199.762.831.793,24.419.375.376.157,76.515.725.044.925,104.856.999.890.863,26.302.729.528.536,101.423.592.651.663,18.377.617.836.463,13.568.215.892.054,102.844.010.341.856,105.650.877.787.936,110.161.732.039.696,60.449.298.805.627,98.395.675.360.142,112.236.125.704.461,115.843.928.569.102,130.300.892.345.021,23.654.802.282.554,64.720.194.647.202,123.697.234.024.447,61.594.751.450.921,122.437.555.659.291,115.040.069.052.475,106.544.856.696.439,26.215.089.241.495,21.203.027.546.384,125.907.700.508.015,137.814.245.064.342,31.716.054.516.808,41.634.588.526.083,105.569.638.185.702,17.539.365.425.957,114.201.221.016.625,117.919.923.330.531,26.575.330.491.227,17.457.847.722.398,55.850.635.761.597,29.891.278.382.411,53.773.990.962.417,115.790.080.825.317,108.305.302.795.051,27.956.995.168.603,103.936.712.947.073,32.017.905.602.766,25.774.247.536.362,40.374.724.971.497,46.946.904.660.995,145.541.979.940.253,138.244.828.748.369,30.368.613.897.616,34.982.490.399.286,33.565.591.667.753,31.254.604.696.531,131.838.454.928.598,42.691.478.270.481,125.189.678.700.669,26.500.573.202.942,130.947.560.042.783,135.321.556.073.614,46.611.419.750.605,43.354.093.459.063
Argentina,ARG,Exports of goods and services (% of GDP),NE.EXP.GNFS.ZS,39.043.172.595.018,107.823.534.063.335,56.226.289.474.628,113.495.081.362.685,38.152.601.745.004,100.013.143.368.433,106.026.540.091.589,74.955.962.262.493,102.956.955.708.047,32.075.490.319.588,23.352.228.520.618,105.804.061.171.855,105.769.589.408.985,115.983.615.409.165,69.025.707.976.099,103.354.744.750.567,113.880.603.113.635,117.874.761.208.814,130.311.299.297.262,26.922.831.792.551,101.426.200.972.023,128.351.953.299.113,101.903.695.408.735,124.732.126.163.184,118.847.923.447.279,107.825.066.937.405,117.232.284.021.253,30.442.673.495.812,135.843.061.941.404,140.719.329.128.478,72.407.208.592.859,100.352.258.074.036,108.683.116.605.935,17.703.031.106.822,114.201.221.016.625,125.110.720.157.544,36.028.866.805.627,22.686.387.351.635,104.155.819.610.919,32.590.822.939.439,53.972.182.998.888,125.583.796.339.108,112.132.791.665.583,61.522.551.633.189,111.465.089.461.353,36.449.216.950.714,26.098.249.881.712,56.479.962.927.168,105.000.002.616.241,164.244.956.875.755,160.241.126.856.916,31.121.199.802.252,45.027.525.416.194,117.422.306.432.624,86.960.211.937.924,132.316.248.118.411,103.454.639.403.558,127.366.599.413.725,28.529.044.739.773,141.229.191.903.622,151.724.799.997.493,102.839.101.185.764,43.476.919.334.303
Ecuador,ECU,Exports of goods and services (% of GDP),NE.EXP.GNFS.ZS,107.241.244.107.949,108.972.887.616.936,56.226.289.474.628,113.596.447.133.293,100.284.124.165.217,103.479.635.040.849,106.492.818.129.693,101.071.865.699.827,106.862.771.109.397,33.770.609.849.365,27.835.084.001.382,105.813.910.507.325,106.739.096.394.975,116.374.738.160.315,106.455.500.562.668,103.362.999.551.231,115.108.227.900.152,117.884.175.703.131,136.067.695.939.386,27.005.023.253.703,106.653.459.581.733,130.901.164.278.495,102.119.749.972.585,129.944.745.637.801,126.314.336.340.541,110.266.191.611.848,125.843.179.155.455,68.430.624.336.515,138.037.392.116.767,143.735.671.888.817,103.595.365.925.264,100.352.258.074.036,110.907.463.892.736,19.914.366.630.953,122.026.893.652.234,125.110.720.157.544,39.018.420.197.111,25.878.004.271.776,115.743.725.352.436,95.648.982.609.794,63.189.705.942.566,133.362.952.833.683,114.095.829.536.873,106.943.446.148.115,115.373.337.721.075,47.977.274.188.704,30.536.636.453.521,58.528.604.586.134,110.036.647.020.449,169.401.329.056.133,161.844.145.982.019,115.825.126.759.958,47.469.485.025.787,132.771.534.315.669,110.119.428.225.147,142.683.699.619.368,121.833.388.939.158,128.197.468.906.003,56.856.543.143.069,157.553.800.018.083,154.147.985.397.289,105.611.502.153.652,43.527.422.607.698
Rwanda,RWA,Exports of goods and services (% of GDP),NE.EXP.GNFS.ZS,110.280.931.808.204,109.060.297.646.622,85.691.052.631.579,114.748.578.205.363,101.544.362.653.682,103.535.095.119.286,107.761.598.187.395,105.120.319.051.355,107.561.960.816.423,35.958.904.109.589,27.911.479.944.675,107.857.694.133.635,110.843.978.636.517,117.118.381.285.284,120.242.901.015.674,105.626.215.935.701,115.117.421.435.275,129.967.244.672.489,136.071.708.962.148,32.955.505.585.065,117.544.659.799.617,146.178.458.363.348,109.128.345.916.266,135.732.009.925.558,126.924.226.391.775,117.360.980.207.352,127.763.132.744.146,68.430.624.336.515,138.588.280.235.538,151.175.735.853.155,124.516.026.163.156,119.516.330.624.513,117.816.643.385.979,20.356.702.827.917,131.398.768.688.125,125.998.852.514.905,53.828.444.483.056,40.589.242.062.011,117.573.312.287.186,114.520.646.128.009,64.840.250.738.685,133.865.592.080.649,119.188.080.478.994,113.867.248.343.372,126.968.807.488.418,68.402.716.900.887,31.266.934.818.829,106.168.274.866.985,112.728.763.182.821,180.819.774.285.947,163.408.447.597.691,124.787.060.282.521,115.501.330.018.626,134.923.835.121.018,122.425.836.268.349,151.287.339.034.504,124.271.644.160.284,132.943.709.287.753,64.838.096.899.332,158.680.386.541.241,163.445.130.546.925,106.627.789.004.134,100.539.186.843.855
Low & middle income,LMY,Exports of goods and services (% of GDP),NE.EXP.GNFS.ZS,113.520.830.898.643,110.614.762.816.422,104.646.091.996.641,119.828.551.079.252,105.560.406.222.952,104.827.393.506.063,107.882.892.949.823,106.140.323.873.084,107.968.013.604.665,63.987.133.165.299,53.655.611.791.868,108.084.008.947.018,115.179.014.354.727,117.241.402.520.584,120.252.504.650.044,116.870.384.860.995,123.788.100.926.912,139.802.298.901.129,136.527.288.149.515,56.014.130.622.092,125.907.959.296.094,148.874.026.135.983,115.525.587.504.753,137.642.891.939.421,130.021.117.951.203,119.066.351.006.953,128.101.121.198.077,75.129.565.085.619,150.191.432.988.045,153.561.543.584.554,132.787.418.004.901,122.023.866.654.061,131.171.412.437.991,105.032.716.554.144,131.410.318.962.769,129.263.428.540.091,58.203.210.186.241,41.609.068.314.288,126.288.889.258.032,117.586.423.857.313,80.297.147.219.193,134.558.135.151.968,124.099.689.322.019,114.311.486.959.413,142.447.319.956.961,106.881.610.440.685,32.874.553.009.495,130.665.385.476.229,123.823.108.823.915,186.135.663.083.777,174.756.063.457.453,126.588.927.560.848,118.775.390.673.678,146.171.733.884.386,138.685.356.365.006,156.502.115.094.968,124.666.790.443.888,150.140.868.185.672,68.554.971.419.686,166.440.314.510.365,164.535.520.041.337,107.741.812.165.989,104.679.996.045.402
Burundi,BDI,Exports of goods and services (% of GDP),NE.EXP.GNFS.ZS,115.114.773.339.517,112.943.673.519.528,104.803.136.916.474,120.171.673.819.742,106.327.542.492.214,109.611.492.610.933,111.849.411.291.162,108.005.897.057.881,108.694.615.347.928,90.139.808.682.855,53.655.611.791.868,108.380.301.514.766,116.129.999.430.552,118.336.603.947.824,121.687.577.317.595,116.888.019.208.942,129.912.463.096.923,140.004.573.614.403,136.528.581.180.613,65.109.154.667.574,137.360.257.627.531,151.004.602.128.159,118.640.513.905.568,145.338.241.660.556,135.574.025.196.084,119.482.295.185.845,128.547.573.361.278,104.169.849.534.329,150.251.156.667.874,158.995.609.829.654,133.651.028.519.296,130.377.254.574.719,131.645.906.691.731,109.092.633.875.634,133.828.583.816.104,136.571.482.540.255,60.313.700.208.094,105.203.705.573.506,126.288.889.258.032,121.311.393.650.836,101.880.480.043.795,135.325.243.917.979,126.899.405.964.434,122.525.341.182.648,142.585.696.095.611,112.898.976.779.781,108.836.435.767.251,132.146.134.120.422,131.805.095.968.022,187.749.454.916.013,184.882.848.913.909,128.557.239.406.344,119.942.470.656.888,149.729.547.921.906,142.441.314.553.991,170.676.606.236.635,125.270.951.690.009,151.452.897.484.005,118.352.698.611.252,171.090.580.169.176,166.108.723.998.011,141.864.800.005.416,120.000.181.567.337
Latin America & the Caribbean (IDA & IBRD countries),TLA,Exports of goods and services (% of GDP),NE.EXP.GNFS.ZS,115.325.474.115.838,114.045.154.885.913,107.467.512.833.228,120.260.272.109.075,107.110.772.874.313,115.277.895.219.781,112.092.324.911.344,111.015.596.059.838,109.318.556.404.258,93.576.559.667.712,100.191.999.115.897,108.415.777.056.374,116.526.350.964.499,122.955.534.027.221,122.705.630.488.031,120.936.048.588.782,134.906.855.952.523,140.718.572.911.255,144.466.469.924.056,110.453.274.504.271,137.965.631.886.156,152.041.124.379.445,121.911.449.783.966,149.593.086.007.696,150.354.125.354.877,129.485.790.961.438,133.124.377.193.893,117.706.828.687.163,150.994.904.239.533,159.457.527.339.021,134.802.082.509.051,134.363.711.704.179,135.555.444.642.731,114.647.091.938.758,138.717.357.696.997,144.252.831.996.045,103.851.692.716.063,105.608.501.019.262,126.833.809.123.619,122.515.738.969.733,109.863.752.325.576,135.325.243.917.979,137.760.034.500.215,132.742.280.973.529,165.457.615.119.353,133.627.533.256.972,138.704.426.231.817,136.681.996.890.835,135.340.005.124.035,189.821.868.205.149,189.338.234.053.709,152.895.554.371.407,123.966.627.590.851,165.130.356.711.338,144.054.785.893.756,173.366.737.865.485,132.497.448.006.759,166.611.294.213.088,126.747.879.443.391,173.125.847.750.867,167.780.403.216.992,157.810.081.695.276,128.822.264.348.985
IDA & IBRD total,IBT,Exports of goods and services (% of GDP),NE.EXP.GNFS.ZS,115.642.323.637.698,115.432.385.342.602,110.086.346.681.143,120.766.083.719.679,112.132.442.692.046,120.189.363.711.489,112.793.686.930.404,111.406.977.258.444,110.421.655.960.631,105.316.048.195.664,105.567.074.634.896,111.670.191.513.484,116.821.395.213.386,133.018.744.084.807,127.094.668.117.519,122.833.498.069.578,135.010.618.003.815,142.677.661.185.406,144.827.497.631.326,111.891.623.207.301,144.365.215.832.448,155.428.694.488.777,134.264.452.768.799,155.596.149.638.646,154.204.189.756.396,138.077.759.786.125,133.941.044.171.295,126.654.214.090.224,154.220.734.879.851,162.029.157.514.894,137.449.744.482.861,138.243.202.860.364,143.922.357.339.889,114.647.091.938.758,144.456.097.659.658,145.337.428.892.103,104.285.967.560.139,106.907.173.181.022,137.029.018.488.677,126.556.555.877.235,119.809.708.726.968,146.657.875.448.771,142.305.902.713.775,136.941.628.175.957,167.707.514.248.023,141.796.999.802.108,141.339.628.244.825,141.153.274.204.234,176.588.584.820.757,190.844.935.011.128,197.992.817.578.298,184.492.091.453.155,154.917.287.705.793,169.790.336.020.885,149.482.109.078.722,178.384.608.499.682,139.212.044.814.459,171.564.619.507.331,144.366.857.499.034,173.125.847.750.867,167.780.403.216.992,177.121.044.581.955,150.870.258.208.479
Colombia,COL,Exports of goods and services (% of GDP),NE.EXP.GNFS.ZS,124.999.996.173.469,116.168.856.310.854,110.491.366.412.692,121.523.399.880.443,119.402.985.074.627,120.657.415.742.274,117.146.609.662.269,112.124.869.828.647,117.731.869.580.441,105.926.809.474.371,107.723.830.375.582,118.395.433.434.935,117.344.434.462.895,133.257.085.992.292,131.291.209.701.468,137.121.504.585.285,137.264.838.813.102,145.377.105.399.577,147.319.827.064.124,112.323.719.084.402,152.265.423.659.264,158.197.178.720.485,143.258.672.173.782,158.654.962.265.575,156.066.026.885.362,145.663.148.904.797,134.305.770.589.684,138.094.148.431.646,155.078.678.786.413,163.839.337.769.893,147.785.885.906.513,138.411.301.141.106,144.961.539.980.932,119.978.832.868.444,149.983.618.345.688,145.380.524.628.733,119.611.132.735.901,135.378.881.783.139,139.700.549.614.385,127.302.413.446.889,121.195.467.872.054,153.871.357.665.009,142.643.839.244.292,149.479.138.582.269,171.717.885.180.982,143.103.457.469.724,143.160.051.485.309,164.331.421.263.646,181.095.951.350.739,193.938.665.528.849,197.998.960.793.027,192.765.050.733.171,161.005.770.719.535,170.178.456.245.969,164.728.044.658.123,186.145.387.634.811,147.171.392.781.975,171.915.160.354.894,146.349.994.952.986,175.594.437.290.153,173.311.682.848.923,180.342.289.894.963,157.116.162.619.009
Singapore,SGP,Exports of goods and services (% of GDP),NE.EXP.GNFS.ZS,126.389.433.345.097,119.531.914.138.749,113.512.091.033.754,122.978.637.670.772,119.574.970.749.791,120.967.758.194.591,123.277.916.815.636,114.293.253.120.135,117.999.212.288.302,106.763.211.866.006,110.395.959.913.997,119.463.484.321.563,118.614.353.868.964,134.928.838.805.126,133.267.642.091.152,142.584.484.113.619,138.072.350.918.289,153.540.415.039.337,147.809.980.024.975,116.954.879.956.891,158.165.128.794.143,159.305.004.610.493,144.268.658.825.073,163.690.951.164.952,162.920.414.621.401,147.661.996.358.725,138.321.995.464.853,141.396.375.165.273,159.534.152.879.194,165.997.149.981.006,150.686.349.657.165,141.996.384.673.384,148.028.421.269.722,122.812.976.454.281,150.632.662.148.836,153.328.164.881.075,119.852.095.796.711,141.079.336.100.407,143.499.122.049.109,127.302.413.446.889,123.442.012.279.919,166.013.795.219.337,147.061.738.367.936,151.673.810.079.795,174.720.999.420.101,143.928.418.979.283,143.743.163.003.006,167.250.685.272.735,201.570.110.070.534,194.654.279.094.511,199.812.388.274.952,193.404.115.348.236,162.378.594.620.246,177.921.805.531.655,166.347.491.096.509,186.145.387.634.811,148.218.796.578.137,171.915.160.354.894,150.870.530.613.121,176.119.761.529.528,174.698.397.289.401,184.302.420.138.112,167.780.368.212.333
East Asia & Pacific,EAS,Exports of goods and services (% of GDP),NE.EXP.GNFS.ZS,129.717.690.964.907,123.819.278.479.572,113.681.596.497.864,127.804.480.657.338,119.727.863.189.142,121.346.382.753.604,124.527.143.653.732,114.499.344.197.753,122.770.378.992.776,110.560.540.336.667,110.416.697.982.532,119.664.370.116.624,124.079.121.734.925,135.351.513.635.226,135.751.742.298.699,143.849.822.875.412,140.486.659.416.263,154.747.805.945.055,160.230.592.525.795,133.617.900.405.681,161.096.048.755.875,160.771.704.180.064,146.564.911.171.017,163.704.024.935.058,164.430.387.120.894,152.222.314.672.514,142.529.454.211.578,142.724.747.252.216,162.268.331.403.417,167.426.373.151.832,151.146.011.445.289,155.157.293.530.238,148.788.387.463.889,124.506.751.041.035,161.583.805.703.018,160.950.862.533.839,119.852.095.796.711,144.772.602.562.861,150.073.508.369.912,150.520.156.046.814,129.972.363.111.656,168.046.592.733.471,147.061.738.367.936,151.807.837.086.861,174.720.999.420.101,152.438.292.672.646,150.949.253.001.601,169.005.341.241.689,202.654.316.259.622,194.682.527.792.461,201.243.596.478.793,199.220.749.554.939,163.969.666.208.873,180.864.397.214.368,166.757.875.879.937,187.208.345.068.656,154.217.217.014.104,172.597.737.600.181,158.997.196.775.431,179.248.783.778.462,181.988.603.078.234,191.193.725.010.019,186.552.565.489.511
Senegal,SEN,Exports of goods and services (% of GDP),NE.EXP.GNFS.ZS,130.561.786.879.009,126.068.849.116.864,117.873.382.301.504,129.090.259.778.061,120.000.005.538.462,123.237.029.092.372,127.269.964.110.589,117.116.566.045.224,125.194.666.495.432,110.567.331.725.409,111.167.921.204.345,122.243.754.087.245,127.102.388.034.806,135.598.777.656.232,136.118.721.137.935,144.026.671.718.867,145.789.534.136.094,161.789.026.141.378,161.604.337.288.534,141.626.446.403.038,164.124.774.349.793,161.369.472.305.842,147.871.967.920.338,164.188.766.003.367,165.671.428.958.152,152.225.977.952.542,145.524.141.536.979,144.868.201.435.508,162.861.676.254.084,170.826.100.891.033,168.778.904.107.735,159.724.482.649.834,149.890.712.558.826,136.292.380.127.566,166.193.359.003.655,165.028.533.973.405,133.165.199.179.977,148.415.437.434.707,155.345.954.313.475,150.976.530.821.748,143.397.037.015.635,171.572.538.375.263,148.155.696.775.272,165.752.997.117.627,178.591.249.630.479,169.710.437.391.629,152.754.133.833.713,169.953.348.464.905,207.353.597.081.986,194.682.527.792.461,205.724.252.901.624,203.327.708.649.538,188.112.052.836.654,192.577.768.883.496,189.831.474.075.627,198.131.891.564.045,164.672.004.632.055,184.950.463.014.753,159.400.300.007.701,184.099.923.154.801,182.956.971.595.932,191.193.725.010.019,190.155.395.632.265
Latin America & Caribbean,LCN,Exports of goods and services (% of GDP),NE.EXP.GNFS.ZS,133.717.350.604.222,129.310.349.923.561,122.235.058.130.015,129.275.480.452.707,122.084.612.012.275,131.979.476.566.205,127.572.016.460.905,127.305.721.139.657,125.659.884.520.209,114.219.919.976.077,114.388.900.808.124,123.678.397.656.615,127.212.685.699.059,136.237.957.663.635,141.143.064.884.239,154.076.420.522.754,149.480.784.355.546,162.758.970.721.327,162.339.206.972.833,145.753.818.087.218,169.449.067.430.213,162.615.792.365.937,150.227.972.285.251,164.761.402.712.923,168.009.629.699.017,152.325.621.879.752,146.962.588.684.778,152.675.281.201.641,163.145.777.771.338,173.074.488.681.037,170.561.016.455.994,160.280.733.856.599,161.725.949.774.023,138.096.925.419.606,175.199.449.479.992,178.718.949.924.568,139.152.248.707.223,157.091.345.166.466,162.965.837.340.344,153.534.993.273.502,159.845.570.577.283,174.797.881.237.803,172.748.078.529.874,182.180.266.837.333,185.135.475.659.125,182.345.398.442.686,163.534.635.652.888,201.034.700.038.098,208.463.012.615.706,195.609.850.560.818,211.941.333.155.525,205.674.276.128.656,196.719.612.875.759,195.077.796.338.143,189.896.599.950.107,198.299.076.925.978,187.530.892.947.864,187.917.648.392.982,177.350.436.934.209,185.915.277.970.883,185.861.392.390.439,195.439.674.145.064,197.961.705.871.207
France,FRA,Exports of goods and services (% of GDP),NE.EXP.GNFS.ZS,133.896.456.825.921,129.913.516.978.403,127.497.212.343.106,129.482.750.255.812,122.491.437.468.204,132.117.044.602.017,128.892.869.067.432,134.893.070.523.201,135.343.026.042.449,125.393.813.547.186,126.026.907.965.234,126.759.744.037.231,128.041.662.925.384,138.603.269.019.855,142.156.917.677.276,155.430.686.665.524,151.637.418.440.442,163.028.768.282.836,163.071.201.859.655,149.238.954.695.563,171.480.264.889.783,166.887.423.030.437,159.788.215.068.685,166.865.573.598.192,170.313.229.590.947,157.229.617.919.591,148.439.239.651.302,153.660.870.665.061,163.876.773.614.901,177.922.077.922.078,170.674.688.659.163,164.333.900.336.044,163.366.134.399.643,140.477.675.995.248,179.719.729.716.408,179.525.228.280.891,142.869.571.167.997,162.222.653.155.809,164.123.755.851.733,153.968.880.071.118,162.011.173.184.358,177.006.801.043.602,183.161.784.111.903,182.360.038.377.682,194.573.064.554.058,190.568.142.889.079,177.285.877.506.525,201.034.700.038.098,220.609.003.826.242,199.279.668.393.882,212.423.913.136.268,208.496.515.031.216,197.319.493.512.292,195.378.741.103.687,191.953.535.787.505,200.680.710.032.927,190.889.938.536.664,196.922.769.882.201,181.693.265.265.636,224.519.433.828.487,190.623.654.875.777,195.616.763.376.612,202.777.429.548.467
Chile,CHL,Exports of goods and services (% of GDP),NE.EXP.GNFS.ZS,137.380.178.961.392,133.161.108.501.644,130.912.007.365.311,129.835.690.515.807,122.520.501.857.433,132.563.724.859.016,135.935.575.785.381,140.477.045.849.142,135.560.947.145.358,126.549.633.549.896,126.276.000.913.949,132.416.980.181.888,132.548.229.561.108,141.305.875.032.617,143.167.561.354.656,158.172.635.445.363,157.064.051.486.362,164.449.912.625.261,163.708.887.841.317,152.164.715.006.599,173.350.265.812.546,170.897.478.795.325,159.919.426.262.778,169.781.460.718.391,170.326.832.273.281,157.242.175.631.938,148.730.947.088.356,154.492.482.751.286,173.701.298.701.299,179.210.690.283.036,174.481.528.534.973,165.970.492.324.229,165.185.546.953.654,148.584.825.708.254,180.601.564.124.193,181.120.940.871.727,152.959.244.617.616,167.102.985.863.684,164.199.105.812.284,176.745.012.905.762,166.980.989.454.195,179.517.044.991.706,184.086.118.066.532,185.445.828.726.114,207.081.146.865.937,190.568.142.889.079,198.670.743.134.475,201.972.095.519.184,224.721.165.037.692,203.758.298.360.304,212.423.913.136.268,212.262.208.142.138,198.649.477.228.834,199.857.077.588.126,206.604.159.939.256,200.899.588.584.272,191.582.349.105.946,201.773.044.351.106,191.121.035.364.139,224.535.479.525.015,191.028.606.321.697,199.439.734.595.214,202.777.429.548.467
Chad,TCD,Exports of goods and services (% of GDP),NE.EXP.GNFS.ZS,137.931.034.482.759,137.321.474.375.069,131.147.537.297.961,141.153.435.386.258,126.862.750.987.088,135.002.550.049.028,139.126.155.349.236,143.618.954.557.805,136.990.014.488.534,132.067.876.155.599,128.443.113.772.455,138.397.540.584.195,137.498.876.167.536,142.478.557.674.161,143.820.674.917.639,158.595.183.896.258,160.356.359.447.623,168.656.576.758.763,164.227.412.213.289,155.329.297.809.434,173.364.111.058.767,173.121.299.905.738,161.422.011.572.014,169.849.202.552.868,173.764.203.987.504,158.607.228.847.003,149.615.477.234.681,154.577.900.081.717,177.447.524.605.306,179.295.693.093.127,176.487.775.566.429,168.546.193.922.295,166.578.862.195.805,151.844.952.854.784,185.367.485.694.403,187.797.859.112.354,156.828.047.241.981,169.296.886.140.865,164.847.911.755.655,181.057.195.507.234,167.683.737.208.169,182.894.180.709.771,188.471.358.845.682,186.442.972.500.831,213.951.695.442.646,196.052.466.949.414,211.740.089.927.196,205.543.882.272.223,224.721.165.037.692,204.005.193.744.525,213.492.458.146.859,214.374.194.076.014,201.615.888.634.893,206.770.809.696.296,210.963.738.828.485,206.073.246.652.362,195.047.912.651.498,205.283.852.817.577,199.278.285.988.562,227.144.042.064.991,191.028.606.321.697,209.188.061.754.733,204.823.651.047.657
Uruguay,URY,Exports of goods and services (% of GDP),NE.EXP.GNFS.ZS,138.490.784.602.709,139.110.330.044.899,131.743.577.127.192,142.857.142.857.143,129.101.289.571.195,135.693.910.130.591,143.161.153.027.665,146.094.215.861.658,149.410.123.959.364,132.125.637.140.102,129.548.841.620.377,144.199.346.405.229,142.137.063.199.685,147.587.862.265.157,147.194.674.636.598,159.706.364.176.076,160.839.281.865.681,168.841.320.000.086,165.250.882.129.923,164.363.919.808.767,185.016.267.703.484,174.145.935.909.869,161.610.386.633.581,171.805.272.342.821,175.037.057.511.244,160.168.139.332.505,149.730.508.851.423,158.489.083.812.073,179.297.489.950.749,180.025.634.113.097,177.166.999.096.078,169.323.927.101.705,168.656.999.970.566,161.650.519.642.454,197.668.103.889.187,189.968.128.121.984,167.350.865.141.865,172.779.308.650.647,166.787.570.508.849,181.624.767.574.199,168.900.964.319.303,190.419.108.824.493,196.168.800.518.197,190.146.669.472.489,223.507.651.647.619,198.066.375.707.013,212.679.414.220.966,207.996.997.489.457,226.740.575.532.267,210.309.281.003.904,216.743.808.679.942,215.494.770.708.279,213.272.748.736.405,214.914.128.849.261,215.309.837.563.851,206.668.060.883.231,195.843.800.536.482,208.328.178.926.217,210.027.464.972.455,227.208.766.422.621,193.287.193.474.461,214.081.231.102.766,206.770.025.053.561
Sudan,SDN,Exports of goods and services (% of GDP),NE.EXP.GNFS.ZS,145.588.985.211.627,142.045.454.545.455,137.550.293.037.585,151.342.562.160.557,130.944.809.554.095,142.318.380.309.647,143.402.501.357.706,151.152.403.073.075,151.146.867.511.126,133.977.066.988.533,132.705.169.920.463,144.446.683.335.605,142.629.743.933.548,148.483.434.437.704,148.185.963.533.813,160.107.672.363.408,166.671.114.069.322,168.959.627.017.142,165.438.393.665.405,168.331.008.998.286,191.556.574.526.963,174.159.844.705.161,161.623.294.231.872,172.960.073.474.327,176.860.061.693.347,161.337.979.549.981,153.355.187.413.221,163.904.544.580.057,181.833.834.984.151,186.392.633.357.627,177.192.544.433.931,169.635.460.585.641,172.259.554.921.286,162.020.946.178.116,200.198.021.726.596,192.590.440.307.493,168.473.581.081.537,179.561.080.230.154,167.663.170.541.577,183.070.802.783.446,177.641.495.981.977,192.257.468.372.064,201.128.547.276.336,190.670.417.369.508,227.575.187.856.654,213.122.306.069.205,217.618.761.477.115,209.012.263.000.105,228.582.932.476.112,227.114.891.378.215,217.981.021.490.645,222.776.365.156.286,214.993.440.769.616,219.981.553.963.722,215.309.837.563.851,206.668.060.883.231,197.028.260.235.287,211.719.988.734.545,211.110.690.658.496,227.851.135.470.481,194.246.089.315.583,215.143.885.990.188,216.532.095.498.925
Peru,PER,Exports of goods and services (% of GDP),NE.EXP.GNFS.ZS,148.140.239.996.584,142.423.206.733.029,139.163.717.393.091,152.330.196.827.407,133.027.974.495.759,156.706.568.893.996,146.245.059.288.538,154.237.640.292.426,151.826.792.963.464,134.528.315.891.041,138.867.924.528.302,153.276.757.714.801,143.844.022.140.076,149.243.296.594.835,149.471.608.709.884,160.708.936.407.758,168.317.824.317.875,169.056.033.911.248,166.259.660.665.848,170.101.381.300.066,193.359.340.662.894,183.995.039.125.159,163.118.963.186.116,175.455.730.980.502,178.092.221.444.905,166.750.222.362.723,156.294.034.750.431,164.003.337.028.947,181.960.635.638.558,188.037.612.230.607,178.031.606.512.293,174.102.281.193.453,172.512.271.307.452,170.995.545.466.345,203.750.064.692.979,198.916.075.029.397,169.031.017.751.853,183.329.326.136.605,178.919.508.668.257,183.181.207.710.371,177.976.778.475.876,193.033.203.562.353,201.769.642.098.201,202.586.206.389.804,230.598.557.398.256,217.722.802.957.954,223.948.339.423.242,212.779.393.731.371,228.993.770.935.119,230.136.347.671.101,224.009.332.488.238,227.196.386.765.593,217.806.921.027.771,223.497.423.099.059,217.443.629.245.636,209.119.236.354.441,204.439.036.148.577,216.476.943.628.135,218.734.041.196.439,227.851.135.470.481,198.724.704.276.524,217.527.020.802.047,220.627.315.416.983
Guatemala,GTM,Exports of goods and services (% of GDP),NE.EXP.GNFS.ZS,161.446.431.981.525,145.141.966.586.908,139.194.962.896.335,153.310.055.451.196,137.276.219.911.725,161.502.749.214.561,155.631.265.094.855,162.091.503.267.974,167.339.335.610.059,142.970.293.505.153,143.558.047.801.116,156.375.502.008.032,154.362.416.107.383,155.147.694.594.512,153.175.936.263.538,167.804.323.094.425,170.462.359.328.912,171.103.661.659.166,171.510.383.095.361,175.163.794.748.371,193.636.887.055.663,183.995.039.125.159,164.399.189.527.542,176.511.993.987.602,179.721.835.957.329,169.576.051.979.908,161.976.363.455.314,164.814.996.830.993,181.997.844.480.021,189.527.922.500.068,179.066.030.665.407,175.866.710.245.595,172.707.273.079.987,174.375.769.964.859,203.940.411.976.221,200.378.606.077.754,178.101.172.991.418,185.438.360.838.388,183.421.000.329.185,183.465.787.501.541,188.350.890.284.751,198.685.788.115.524,206.216.724.821.799,213.747.342.547.499,236.247.532.110.161,218.762.675.597.935,228.037.617.061.062,218.895.256.942.149,233.615.690.275.965,233.701.991.459.541,226.757.522.059.548,229.937.012.536.403,220.978.768.385.469,232.721.660.782.858,217.782.967.413.225,211.601.792.598.059,208.724.852.102.256,217.209.086.098.142,226.046.839.884.209,229.960.383.183.277,201.420.748.831.987,220.751.685.117.277,224.494.377.646.999
"Egypt, Arab Rep.",EGY,Exports of goods and services (% of GDP),NE.EXP.GNFS.ZS,162.825.623.435.617,146.047.493.240.543,144.973.556.852.967,167.056.323.060.574,140.939.592.991.307,163.044.702.173.179,162.943.923.545.687,168.257.850.718.005,169.387.679.650.646,146.986.392.109.191,150.203.528.324.978,157.980.249.101.533,160.189.683.090.446,156.619.756.505.168,155.261.612.545.993,181.679.418.083.142,170.755.419.759.121,172.863.998.166.227,178.905.541.812.657,177.786.010.417.657,194.177.456.578.784,184.118.893.334.764,165.244.418.423.183,176.719.323.830.563,180.178.072.509.275,173.527.929.391.059,164.882.293.583.947,169.264.196.861.343,182.998.821.233.711,191.321.993.029.959,182.827.246.426.744,175.965.591.657.619,179.837.010.997.319,179.435.387.302.063,204.442.251.022.949,206.568.594.195.014,179.232.955.527.011,188.416.698.006.769,184.916.260.621.633,183.466.200.690.167,191.196.684.495.627,203.121.457.444.929,207.379.562.294.817,217.964.071.856.287,238.476.194.239.892,225.159.667.736.916,229.849.396.441.861,219.189.912.933.699,235.662.909.262.571,241.591.196.686.279,230.720.480.670.551,231.453.627.734.261,224.743.744.215.738,233.531.364.247.538,226.069.703.758.151,212.582.213.779.601,211.617.079.991.403,217.209.086.098.142,226.941.999.168.587,230.234.557.287.769,207.005.528.555.706,225.897.743.997.414,224.837.410.421.262
"Iran, Islamic Rep.",IRN,Exports of goods and services (% of GDP),NE.EXP.GNFS.ZS,193.045.270.539.788,173.354.756.617.247,146.162.162.162.162,177.588.574.567.427,149.122.394.240.271,167.868.421.801.744,163.333.742.281.111,172.965.382.072.638,174.791.855.915.173,157.002.953.520.908,151.765.798.315.404,159.123.848.431.127,165.162.138.475.022,157.287.774.480.533,171.295.855.094.784,183.630.078.077.808,171.749.939.414.477,175.956.102.292.697,186.467.022.220.345,183.208.266.379.391,194.438.418.460.401,191.057.912.285.752,169.557.160.709.882,176.719.323.830.564,183.375.813.228.012,179.341.211.901.603,165.609.599.624.598,169.496.695.982.325,184.714.114.870.593,193.125.304.837.897,183.433.741.979.713,177.394.631.370.459,180.659.894.300.903,191.260.158.469.537,208.583.702.426.015,209.868.976.053.949,180.841.653.941.018,191.287.538.535.611,185.849.659.047.911,185.302.795.190.448,193.933.490.030.295,209.728.977.339.085,214.923.738.863.205,225.984.000.546.606,244.960.965.242.994,232.458.767.338.576,230.266.946.038.115,220.428.531.154.363,239.067.364.940.618,243.678.264.820.599,242.990.309.366.408,231.453.627.734.261,224.753.001.992.586,236.202.442.843.863,228.306.723.891.643,212.873.252.858.958,212.745.906.862.557,219.300.831.477.167,227.211.278.750.069,230.483.673.045.907,207.210.460.971.807,228.392.319.889.567,234.345.687.410.072
Ghana,GHA,Exports of goods and services (% of GDP),NE.EXP.GNFS.ZS,193.045.270.539.789,176.463.071.811.909,150.523.800.771.917,179.222.137.434.207,153.875.771.986.435,168.550.951.173.044,163.431.243.012.501,174.202.127.659.574,177.503.387.756.611,160.616.961.458.749,159.811.611.958.822,159.889.178.096.841,166.231.060.727.089,165.514.972.030.273,172.817.546.429.264,188.332.004.951.754,179.150.533.572.575,196.425.919.430.317,188.469.744.151.528,184.677.312.546.118,197.448.075.133.878,198.182.656.826.568,169.557.160.709.882,176.823.197.717.398,183.379.728.921.392,179.615.713.514.054,165.760.970.525.604,171.484.690.231.649,185.988.226.500.087,194.036.168.348.362,187.044.710.491.717,178.336.999.636.672,189.551.466.044.412,200.358.408.321.345,209.385.014.625.219,212.869.033.721.764,188.916.071.752.677,194.195.451.837.514,193.344.405.147.071,188.109.124.989.818,194.052.796.907.092,213.086.054.456.379,217.664.743.925.396,230.061.778.959.535,245.543.485.987.149,235.997.644.915.436,242.276.988.007.262,225.202.697.339.856,240.973.572.601.391,247.498.559.389.238,257.834.176.267.221,245.404.113.195.713,229.130.765.996.815,236.202.442.843.863,229.679.630.081.172,213.540.798.828.848,215.608.580.962.682,219.929.136.394.072,229.490.914.783.308,230.692.820.412.923,210.084.986.524.881,228.663.725.841.296,235.061.876.323.322
Madagascar,MDG,Exports of goods and services (% of GDP),NE.EXP.GNFS.ZS,193.167.599.601.947,194.595.553.734.194,156.867.628.292.535,181.937.510.238.316,155.357.881.671.494,171.214.188.267.394,171.282.051.282.051,175.142.528.784.686,181.087.568.279.364,160.799.401.246.478,162.598.369.622.386,164.816.822.643.232,181.893.005.505.355,168.576.244.172.367,178.020.429.146.496,192.465.293.764.928,193.351.723.328.393,197.274.876.645.188,198.189.986.558.133,185.263.978.483.341,202.006.215.789.962,213.486.008.235.933,169.671.694.275.247,180.290.294.663.938,194.905.021.220.735,187.344.648.130.573,166.759.209.455.033,173.341.814.699.666,186.539.704.158.267,197.388.944.912.156,188.626.690.286.416,179.526.059.616.575,198.205.240.106.897,202.539.190.620.077,209.822.400.032.119,213.046.443.935.151,196.699.797.975.865,194.931.644.597.645,195.582.295.237.772,190.042.574.130.823,198.811.989.046.161,221.681.831.556.551,218.155.744.053.565,230.985.458.958.811,253.492.055.072.388,240.949.429.332.666,246.561.905.230.047,226.627.503.115.066,242.415.386.758.226,248.355.472.102.672,262.254.643.341.594,249.333.131.264.674,229.130.765.996.815,237.930.095.050.818,235.100.609.074.235,218.513.880.633.803,222.076.998.384.531,226.322.322.911.166,233.406.006.066.486,232.314.625.222.814,218.579.265.957.348,229.257.468.373.251,235.061.876.323.322
Morocco,MAR,Exports of goods and services (% of GDP),NE.EXP.GNFS.ZS,198.661.933.369.743,197.837.182.190.657,180.202.657.892.752,181.937.510.238.316,163.982.824.485.537,171.308.761.862.723,172.947.153.056.537,179.034.769.071.095,184.838.417.396.557,174.651.066.535.654,163.407.630.247.504,169.533.203.036.226,185.739.987.149.283,175.247.221.371.069,180.460.501.969.628,193.639.977.285.633,195.594.015.259.108,198.964.408.065.064,198.857.021.002.637,186.513.746.248.727,203.457.406.268.025,213.894.615.100.296,170.902.700.995.608,181.150.347.501.194,195.793.753.212.443,187.662.806.296.577,176.945.232.787.713,178.441.411.639.543,190.058.510.014.465,199.199.269.937.157,203.549.060.542.798,181.579.812.965.252,204.475.748.164.263,202.873.102.427.425,212.214.390.843.733,213.913.020.209.023,201.951.302.398.727,213.220.632.179.135,201.692.608.275.285,190.049.241.253.611,201.081.658.866.931,226.667.211.742.494,222.770.426.033.004,239.152.733.614.034,258.403.039.526.232,243.193.861.068.762,253.398.334.344.627,231.660.632.962.354,242.801.423.443.242,249.568.221.070.812,263.429.945.409.681,254.897.748.402.871,238.967.368.670.133,239.235.763.793.605,235.426.616.139.817,224.778.512.515.741,223.548.003.107.837,227.356.882.630.098,233.423.123.100.659,233.136.473.313.996,219.396.540.343.439,229.257.468.373.252,244.924.493.725.873
Dominican Republic,DOM,Exports of goods and services (% of GDP),NE.EXP.GNFS.ZS,202.107.117.701.269,197.837.182.190.657,192.545.062.123.881,184.470.755.601.073,173.548.308.513.556,181.635.388.739.946,176.143.813.054.205,180.807.885.581.755,184.876.285.793.717,181.092.696.591.935,174.179.498.582.572,172.863.764.611.044,189.073.430.733.356,178.780.376.822.995,183.261.802.575.107,211.303.465.778.896,202.352.088.906.559,199.583.639.462.407,199.031.709.963.356,187.858.800.348.807,209.825.796.312.283,216.135.510.771.957,172.091.015.089.407,183.106.604.657.821,197.068.519.756.416,196.813.709.732.654,181.864.262.428.373,181.240.780.374.301,196.194.290.023.393,199.215.179.707.623,209.757.333.804.124,190.945.389.024.404,213.305.593.452.775,206.141.049.394.978,213.621.312.072.128,216.525.814.725.975,202.575.428.185.646,215.349.262.106.698,206.662.298.719.224,192.236.502.785.935,201.950.343.956.927,227.887.439.174.771,225.524.898.738.313,241.389.149.934.457,260.785.086.858.133,243.821.308.946.094,260.285.095.194.045,245.250.906.044.049,250.294.572.995.074,249.827.464.883.237,267.882.998.402.738,263.273.530.888.836,243.608.755.208.614,248.082.994.208.508,236.659.845.969.367,226.771.945.016.724,224.939.400.393.757,229.895.792.340.985,235.008.730.608.682,234.838.671.400.313,219.413.395.528.299,232.395.105.477.121,247.121.745.161.609
Thailand,THA,Exports of goods and services (% of GDP),NE.EXP.GNFS.ZS,204.533.253.450.586,203.207.805.011.059,192.545.062.123.881,187.041.824.994.242,183.980.463.980.464,183.970.856.102.004,189.401.021.068.527,181.616.647.026.205,196.142.187.258.618,184.802.925.639.984,176.369.811.697.717,177.857.985.904.456,193.896.713.615.023,186.028.818.612.765,183.910.807.097.132,215.488.285.461.405,214.757.505.862.421,202.335.670.307.392,201.828.888.617.999,194.013.627.704.211,216.712.812.225.843,219.698.618.586.821,177.710.358.297.085,194.003.055.985.003,197.068.519.756.416,206.859.523.804.412,188.372.464.406.075,182.464.655.172.403,196.209.959.790.265,202.830.489.687.176,210.275.209.423.808,193.408.153.425.832,221.721.546.193.877,207.703.483.151.213,216.603.227.312.909,216.762.407.043.299,207.497.820.401.046,216.605.918.552.042,210.424.357.047.727,192.560.788.828.189,203.722.135.905.975,229.315.763.643.367,226.447.456.738.957,243.604.406.878.698,261.405.728.569.694,258.230.763.393.177,273.251.618.939.288,245.668.613.704.743,251.243.459.208.619,252.491.079.369.784,271.062.860.140.908,264.221.494.211.811,245.344.306.564.341,251.829.067.419.072,251.513.905.580.691,231.717.780.134.205,226.003.137.409.908,230.494.637.682.625,235.514.313.052.003,237.683.597.132.269,221.161.557.814.012,234.438.874.287.942,248.438.275.051.304
Sweden,SWE,Exports of goods and services (% of GDP),NE.EXP.GNFS.ZS,205.580.029.368.576,208.080.128.217.091,192.661.580.442.954,199.577.586.751.508,194.901.490.844.035,191.866.691.381.815,189.612.530.915.087,192.002.986.858.885,202.761.797.796.886,191.279.815.594.058,178.587.767.619.697,180.098.489.648.965,195.611.366.725.027,200.536.026.297.865,195.327.787.216.096,217.230.313.502.839,215.723.995.339.427,210.745.415.011.663,202.426.745.837.098,207.159.538.936.742,221.864.013.098.608,223.441.657.136.051,185.352.489.023.342,201.112.063.674.175,197.174.762.264.463,210.173.599.056.133,200.004.246.344.954,182.479.228.372.309,197.862.126.566.689,203.038.863.512.806,215.385.417.337.418,206.936.682.982.543,226.190.554.218.351,207.925.794.072.246,224.800.009.409.066,218.545.257.646.108,209.820.664.550.665,216.747.122.415.535,215.183.838.535.788,195.749.160.120.826,206.053.025.489.554,232.227.470.913.006,235.247.451.435.023,246.274.728.309.232,261.405.728.569.694,261.663.852.355.059,274.869.137.820.183,251.712.720.129.085,265.771.274.521.598,257.171.775.382.667,271.517.839.727.544,265.681.893.451.605,245.943.787.881.769,254.407.833.967.285,252.055.416.974.053,235.855.336.486.871,226.736.731.992.411,231.114.928.860.589,238.798.039.886.129,240.257.337.830.938,221.554.712.440.977,244.237.329.934.623,252.532.557.616.077
Sub-Saharan Africa,SSF,Exports of goods and services (% of GDP),NE.EXP.GNFS.ZS,213.913.302.547.296,208.616.343.142.921,199.221.844.877.164,207.270.430.194.561,196.957.897.519.296,191.866.691.381.816,189.675.431.732.076,197.598.677.219.969,202.761.797.796.887,191.279.815.594.059,178.587.767.619.697,183.272.837.598.258,195.611.366.725.028,208.367.139.959.432,206.302.807.987.887,224.728.790.750.048,221.740.901.420.471,215.861.338.140.538,214.756.359.675.935,210.460.631.338.419,241.114.477.856.034,226.712.108.719.853,186.131.224.396.125,208.249.206.114.142,205.696.202.531.646,210.173.599.056.134,203.834.784.359.363,185.365.670.042.589,200.960.561.464.169,216.581.538.248.618,221.145.274.074.484,208.032.315.210.711,226.190.554.218.352,208.130.714.233.567,225.307.252.452.381,219.290.175.473.215,210.440.546.922.691,216.767.605.278.433,218.010.483.151.717,208.327.351.985.075,207.646.013.504.281,234.706.708.679.603,244.139.021.536.457,246.329.669.069.481,262.721.472.162.988,262.325.503.809.951,279.350.550.901.956,259.805.176.037.841,277.014.958.270.789,257.942.130.947.121,271.564.312.639.098,270.677.057.848.772,254.925.222.245.396,259.689.250.690.943,253.585.695.433.555,237.089.707.806.326,230.835.091.311.263,236.821.453.426.385,239.832.694.668.994,240.390.874.349.068,222.018.630.734.426,245.131.245.920.511,255.938.820.294.067
South Africa,ZAF,Exports of goods and services (% of GDP),NE.EXP.GNFS.ZS,229.087.557.266.933,217.539.721.653.939,199.663.002.619.313,211.818.181.818.182,199.029.126.213.592,191.981.768.718.497,189.675.431.732.076,213.963.366.073.799,202.875.071.674.826,191.379.503.071.833,178.678.171.763.449,183.272.837.598.258,195.737.485.360.869,208.819.857.978.365,215.891.829.094.054,226.526.044.235.366,221.868.662.621.573,234.909.813.946.883,218.671.414.754.243,213.484.767.667.697,242.288.003.565.564,238.473.816.394.313,186.465.466.190.718,217.352.180.455.136,217.334.230.084.526,220.085.189.617.676,204.956.024.570.461,186.057.318.797.611,203.667.255.718.941,225.549.372.963.548,221.145.274.074.485,208.032.315.210.712,226.441.472.872.002,217.838.769.961.664,225.714.285.714.286,222.209.449.568.474,211.162.630.916.605,217.243.683.604.487,218.455.150.972.163,212.482.378.300.755,208.192.733.825.541,249.624.792.111.474,248.239.050.291.971,246.764.865.812.872,264.688.363.216.607,268.487.611.117.093,282.249.162.691.947,267.620.220.119.612,277.071.993.998.824,258.451.012.014.628,271.853.327.204.051,276.771.636.559.398,259.196.294.244.279,261.520.285.371.567,253.862.347.170.137,237.615.822.994.204,230.896.296.661.103,237.465.052.773.163,240.359.941.611.299,241.515.391.092.117,227.111.271.686.538,245.910.630.685.694,256.221.864.934.718
Botswana,BWA,Exports of goods and services (% of GDP),NE.EXP.GNFS.ZS,232.727.244.800.003,223.189.219.539.585,224.887.169.568.021,220.867.869.332.033,203.710.173.421.441,198.769.926.457.366,189.787.424.911.275,246.138.479.648.985,203.529.411.764.706,197.401.299.350.325,179.530.255.200.269,183.375.137.741.814,204.495.619.832.458,209.367.007.886.671,222.302.340.290.955,227.954.437.490.969,222.636.539.756.868,244.557.969.361.994,225.306.478.722.601,220.264.523.168.691,245.842.225.037.173,241.558.241.624.055,188.184.767.340.648,217.678.506.451.703,218.165.055.057.893,232.136.293.981.282,208.988.758.815.447,195.973.518.165.664,219.287.024.217.653,230.330.294.282.825,221.312.710.057.664,208.205.179.425.312,232.391.480.496.458,224.643.830.367.555,233.994.108.884.074,225.490.196.078.431,214.703.862.760.844,219.547.841.405.786,218.694.721.286.297,216.027.940.723.532,214.670.575.678.483,250.192.436.430.497,248.979.726.147.002,251.995.763.346.081,266.102.585.752.973,270.330.510.418.171,296.289.667.974.453,277.962.071.429.556,281.193.848.563.025,259.044.993.820.769,277.264.612.126.791,276.981.484.703.752,269.607.073.433.855,262.710.732.405.269,257.302.166.154.812,240.069.710.000.693,234.019.326.007.635,238.241.985.175.692,240.496.921.813.765,242.251.202.181.369,229.713.317.998.395,259.138.753.108.792,257.026.230.447.633
Costa Rica,CRI,Exports of goods and services (% of GDP),NE.EXP.GNFS.ZS,235.716.346.603.976,232.533.180.696.169,227.232.758.773.268,220.874.188.252.842,238.056.206.088.993,222.924.477.771.826,194.866.675.037.963,248.818.484.455.459,219.587.965.990.844,200.436.205.016.358,184.019.530.219.055,184.425.191.541.398,207.104.795.737.123,209.367.007.886.671,224.070.859.530.946,227.954.437.490.969,222.948.833.607.491,249.578.402.384.561,234.203.176.328.111,221.279.608.161.696,252.215.452.197.355,243.834.499.934.688,196.180.854.743.934,227.546.982.135.498,219.013.830.818.501,233.242.134.965.665,208.988.758.815.447,208.029.218.654.525,219.287.024.217.653,234.938.691.449.652,227.306.300.873.011,210.024.860.627.473,240.723.886.361.933,224.770.776.459.757,240.708.425.974.796,226.229.260.600.867,215.426.581.369.532,221.516.433.761.267,219.226.315.846.731,222.692.159.746.602,215.875.711.417.625,252.796.918.072.955,251.051.190.164.424,259.309.429.264.224,274.194.097.089.723,274.957.617.289.846,298.690.352.505.831,288.436.124.054.165,297.276.302.098.838,259.295.619.867.918,278.261.641.521.747,277.780.925.724.223,271.391.491.937.679,263.142.474.511.151,257.839.025.675.771,242.207.939.148.072,234.035.426.871.992,238.259.296.101.165,240.496.921.813.765,242.967.707.584.519,234.793.596.656.461,261.883.645.351.699,258.121.626.590.318
Uganda,UGA,Exports of goods and services (% of GDP),NE.EXP.GNFS.ZS,236.529.705.284.977,234.018.956.188.516,238.684.625.652.227,246.846.820.545.111,250.840.587.279.266,225.633.181.843.799,219.781.302.334.745,253.003.328.991.171,230.526.315.789.474,207.826.705.392.351,184.655.449.709.926,184.782.608.695.652,212.764.272.919.392,209.495.730.559.115,226.520.505.462.625,228.086.536.605.331,230.877.473.540.042,252.043.976.967.514,234.745.372.685.569,224.325.673.617.578,255.205.221.140.736,252.033.912.820.074,209.705.721.016.811,229.323.308.270.677,224.987.420.831.104,235.839.328.880.834,209.196.140.837.787,213.052.213.474.356,219.495.957.663.234,237.068.402.759.399,227.324.455.513.203,213.348.844.239.057,241.337.401.413.123,224.770.776.459.758,241.305.289.649.192,226.732.200.383.806,215.997.215.378.263,222.891.713.955.404,225.192.718.175.416,230.095.307.947.819,236.274.092.149.541,253.093.929.977.725,259.443.798.137.066,261.119.689.746.398,282.299.608.489.594,275.560.028.216.104,299.498.138.254.816,290.904.872.479.399,298.082.841.673.732,259.599.393.061.335,278.444.108.979.968,284.213.374.764.194,271.431.096.666.693,263.642.066.397.314,257.839.025.675.771,245.312.773.389.092,236.995.345.116.149,242.469.213.699.997,240.813.093.091.755,244.324.993.566.755,235.557.372.234.524,261.963.559.064.797,265.642.297.245.447
Nicaragua,NIC,Exports of goods and services (% of GDP),NE.EXP.GNFS.ZS,255.880.940.950.552,244.182.292.136.539,242.147.922.998.987,248.419.966.464.594,258.090.258.490.897,226.039.435.563.255,247.808.051.851.882,264.618.925.898.161,231.356.346.033.587,215.286.929.435.725,185.714.285.714.286,198.162.600.019.757,214.581.343.521.172,214.510.139.960.011,241.546.065.497.991,238.449.416.955.563,230.877.473.540.043,258.399.674.956.089,245.641.984.012.431,225.711.223.957.188,264.778.828.613.999,276.304.440.372.406,213.986.951.973.501,234.229.748.019.011,228.009.637.368.531,236.526.183.539.095,218.823.676.849.516,216.486.953.004.817,220.578.881.217.247,238.895.571.175.593,227.643.720.219.304,223.187.677.496.636,245.036.633.712.774,225.044.278.223.723,241.305.289.649.192,238.695.983.724.106,217.747.432.189.724,239.241.178.671.875,225.783.540.098.039,232.768.728.325.802,237.183.809.477.501,253.955.453.607.576,265.293.961.692.186,261.810.997.164.793,292.591.082.937.703,275.560.028.216.105,302.975.044.020.751,294.357.184.851.264,302.030.239.718.046,259.599.393.061.335,278.949.559.708.311,284.819.898.393.085,272.816.030.757.456,263.642.066.397.314,259.233.218.555.732,247.204.512.110.389,249.418.624.533.151,247.198.719.746.973,241.524.248.588.115,249.831.341.973.865,237.018.681.406.196,267.343.873.559.712,271.210.361.026.115
Togo,TGO,Exports of goods and services (% of GDP),NE.EXP.GNFS.ZS,255.948.954.171.157,253.414.264.036.419,245.901.651.330.286,252.365.924.230.513,284.482.693.940.755,235.347.837.323.123,255.673.222.390.318,279.069.317.430.463,266.848.685.578.443,227.722.772.277.228,191.603.376.936.907,221.702.329.383.789,220.427.537.324.221,216.869.557.683.143,252.946.160.902.563,241.128.153.141.618,231.007.356.203.678,258.399.674.956.089,245.790.946.050.829,257.531.542.356.879,271.579.699.552.114,278.320.404.254.129,216.047.391.159.307,237.299.671.287.237,228.926.097.241.825,237.776.707.966.994,229.395.383.758.795,224.812.530.281.349,223.712.135.609.168,238.895.571.175.593,234.436.850.828.471,236.745.835.890.502,248.947.008.111.589,236.724.704.162.335,241.633.832.637.679,241.491.933.924.023,218.359.749.586.865,243.329.303.395.345,226.568.865.727.558,233.039.228.996.211,244.043.033.106.919,256.523.305.539.931,265.857.015.380.366,263.893.488.089.242,300.828.415.099.047,279.958.996.340.618,303.330.747.691.276,297.081.332.101.446,310.136.690.713.744,261.618.902.494.386,279.579.102.864.653,305.027.597.563.889,274.496.143.710.972,267.626.822.379.518,263.411.404.047.566,247.980.562.723.215,262.950.367.647.059,252.702.383.202.812,251.921.846.722.472,272.974.712.844.242,240.082.830.210.698,272.815.942.920.914,275.255.404.214.296
Kenya,KEN,Exports of goods and services (% of GDP),NE.EXP.GNFS.ZS,262.756.360.317.336,261.290.322.580.645,254.636.233.951.498,282.909.393.690.153,288.110.098.258.944,255.777.144.666.034,259.861.975.178.091,284.643.343.934.575,277.663.999.798.389,237.887.768.242.961,213.368.747.233.289,231.052.230.002.677,229.474.577.574.865,239.248.819.495.956,256.141.699.709.654,256.499.674.967.873,239.135.902.523.545,258.559.797.533.442,249.959.251.823.729,264.927.384.576.357,284.391.983.909.417,299.399.232.531.639,221.777.521.315.576,241.489.993.098.706,229.053.264.293.439,238.250.396.201.032,245.480.570.912.703,230.100.473.164.992,243.422.141.762.292,239.140.156.106.055,235.321.233.746.953,237.765.747.515.992,251.029.369.126.695,246.141.477.226.103,252.586.359.269.933,244.964.459.408.904,222.732.846.879.762,245.817.176.843.052,228.170.259.807.504,235.477.178.713.588,254.067.169.365.962,263.566.606.345.688,267.262.767.971.618,269.807.565.345.137,300.967.664.426.226,283.311.381.514.539,305.248.369.103.333,297.635.331.266.324,313.767.977.571.827,261.886.705.300.359,292.512.118.499.349,307.755.210.806.536,276.955.240.757.087,272.135.967.955.865,273.376.337.754.757,250.162.495.082.975,269.067.158.239.235,254.987.866.021.143,253.100.412.891.822,278.103.969.981.142,240.851.387.579.108,273.509.328.413.966,279.706.521.607.294
Honduras,HND,Exports of goods and services (% of GDP),NE.EXP.GNFS.ZS,264.105.642.256.903,264.900.657.865.883,257.890.828.946.587,288.242.909.284.883,288.739.663.468.938,271.002.682.926.829,283.505.154.639.175,285.236.582.511.286,294.008.110.568.567,243.859.582.232.446,219.532.278.902.869,267.941.723.466.795,249.348.006.859.663,243.706.306.049.769,256.141.699.709.655,280.427.575.160.875,239.416.391.737.372,260.488.711.905.031,255.358.367.212.767,267.463.359.168.872,304.741.702.735.352,303.647.279.977.047,249.892.781.759.758,247.538.388.937.766,233.939.942.580.609,252.989.329.600.959,256.017.967.005.473,230.100.473.164.992,249.965.468.597.217,260.875.546.625.977,245.593.205.075.626,244.524.055.592.159,251.049.418.495.572,246.161.136.205.808,265.114.278.515.733,257.242.519.716.753,244.915.070.302.662,268.842.802.618.525,245.944.327.690.014,236.096.569.196.892,257.548.632.638.095,271.819.418.753.369,269.462.033.839.482,270.742.361.893.053,301.412.888.676.199,285.090.302.142.012,305.842.920.870.701,297.635.331.266.324,313.869.623.354.419,264.420.527.390.278,292.930.604.288.336,307.778.896.954.807,279.239.009.083.086,283.260.856.774.073,280.518.541.458.062,250.180.498.496.192,269.316.810.976.575,259.311.612.176.478,258.611.508.241.538,278.432.682.037.896,245.779.352.112.514,275.344.761.021.646,282.034.857.696.902
"Congo, Rep.",COG,Exports of goods and services (% of GDP),NE.EXP.GNFS.ZS,273.294.511.212.985,272.163.229.897.131,264.315.577.006.245,289.944.433.433.896,298.978.574.987.544,272.682.591.172.712,286.152.522.868.709,304.794.572.738.797,303.858.360.128.617,265.962.897.353.582,220.727.334.005.425,278.806.626.236.314,265.878.288.599.522,249.733.483.912.929,256.190.282.462.317,288.788.202.072.683,251.900.384.657.509,262.837.426.425.817,257.194.024.656.119,275.588.334.168.442,305.146.382.860.509,304.598.813.209.494,263.332.739.579.622,256.888.736.851.108,238.354.808.141.097,255.132.262.987.926,258.483.552.726.796,230.343.730.977.891,258.024.942.044.435,273.585.690.867.047,246.326.865.928.178,246.097.916.975.921,253.019.435.899.116,254.101.116.466.448,274.632.406.830.305,260.065.780.960.107,248.019.714.336.879,268.986.619.514.362,248.807.362.734.222,240.120.925.033.493,257.579.889.578.718,274.698.146.286.317,274.576.994.461.785,271.590.114.149.354,305.395.401.133.672,303.308.191.865.397,305.842.920.870.702,304.909.527.245.864,314.871.443.419.218,265.428.094.031.439,292.930.604.288.337,310.367.071.399.496,287.425.794.655.455,283.278.802.255.525,281.569.587.651.374,263.785.318.371.309,276.067.880.711.982,260.394.223.439.924,272.742.306.189.085,279.442.839.039.234,249.585.832.725.966,290.911.644.843.781,282.240.473.518.514
China,CHN,Exports of goods and services (% of GDP),NE.EXP.GNFS.ZS,281.933.256.616.801,288.790.708.028.733,279.260.392.616.513,341.663.491.418.362,333.894.131.538.947,293.005.186.669.763,286.207.837.076.098,327.722.661.910.601,304.112.554.112.554,273.346.641.223.215,246.555.474.981.871,296.853.625.170.999,283.091.787.439.614,255.036.630.012.744,256.289.551.607.709,289.507.889.386.174,255.313.415.510.475,297.667.816.324.267,281.811.893.823.121,275.588.334.168.442,306.919.506.010.738,340.220.299.169.053,266.574.659.989.352,259.499.324.054.367,238.892.410.760.494,261.450.554.489.082,272.476.702.979.394,245.768.000.967.818,298.093.789.884.526,279.970.048.255.433,249.483.592.559.642,260.947.222.515.368,253.195.942.793.437,258.376.288.659.794,282.861.924.143.561,260.065.780.960.107,252.006.019.494.243,268.986.619.514.362,248.807.362.734.222,246.326.500.515.211,260.603.765.724.337,282.166.335.501.793,275.310.502.579.308,271.590.114.149.354,310.246.682.881.877,303.435.468.895.079,310.347.163.143.166,310.858.334.105.457,317.211.494.810.206,270.992.157.546.178,294.767.179.831.573,319.544.842.653.694,292.030.271.868.495,286.382.882.966.079,282.319.017.691.896,273.532.437.923.476,279.231.581.098.055,272.055.947.818.832,275.626.402.113.948,284.244.012.428.345,252.086.314.416.925,294.487.518.343.616,291.718.799.310.307
Jamaica,JAM,Exports of goods and services (% of GDP),NE.EXP.GNFS.ZS,332.421.181.182.296,312.116.929.841.637,304.895.972.795.615,364.728.989.486.156,334.573.499.779.542,313.973.152.068.786,292.682.926.829.268,360.476.305.027.664,343.122.977.455.347,279.790.398.219.282,249.155.590.647.892,297.992.329.420.796,289.053.671.775.315,282.103.193.660.308,277.368.238.884.878,298.236.859.697.501,289.089.554.837.586,305.161.481.655.731,284.249.933.149.122,275.781.292.896.347,306.919.506.010.739,345.872.507.738.721,273.678.312.205.647,277.454.082.629.556,256.341.792.993.627,261.630.195.264.237,273.201.716.653.834,255.254.959.024.443,304.881.284.935.977,291.911.429.511.356,249.943.407.384.065,270.416.323.240.194,259.575.951.232.118,258.806.805.087.591,283.270.186.172.953,260.409.889.953.438,258.245.519.820.943,269.191.172.074.047,248.975.289.690.562,253.840.318.480.074,261.317.098.002.211,282.658.952.021.844,279.396.501.971.176,274.324.201.365.808,310.613.375.828.803,304.040.198.202.399,320.011.224.154.167,314.277.738.105.519,321.169.202.614.571,271.549.993.271.981,296.976.647.689.721,321.104.964.999.877,293.526.935.883.932,291.604.026.582.559,282.819.119.744.449,277.136.384.124.829,281.509.679.643.044,273.400.757.812.216,291.139.622.106.349,296.305.271.935.478,266.836.901.284.932,294.932.091.150.252,293.177.265.575.969
Cote d'Ivoire,CIV,Exports of goods and services (% of GDP),NE.EXP.GNFS.ZS,341.709.866.594.221,327.171.696.814.538,317.142.574.775.686,395.371.263.259.402,358.860.300.323.379,317.073.170.731.707,298.892.988.929.889,362.237.193.282.106,368.253.968.253.968,295.286.550.830.373,267.324.008.876.369,322.099.926.994.546,292.652.571.148.977,286.180.418.550.823,289.979.454.613.373,300.620.070.103.543,290.461.366.654.108,307.953.035.113.143,289.355.183.365.614,277.004.655.306.659,307.168.169.404.022,351.750.034.906.259,301.098.496.228.452,278.856.817.190.339,257.100.161.819.841,262.510.524.261.973,304.719.724.472.161,268.913.762.401.425,321.273.344.957.036,306.716.722.100.347,256.926.059.649.364,274.666.666.666.667,262.603.741.906.351,267.548.134.217.247,283.739.636.518.455,261.947.759.790.559,259.504.475.024.431,271.761.345.944.549,251.435.814.171.693,253.840.318.480.074,263.444.302.713.137,283.093.152.584.778,280.252.710.251.936,280.388.197.237.603,312.387.754.096.383,311.195.509.149.617,320.441.425.450.334,315.175.846.793.099,322.546.736.710.677,292.633.954.249.824,297.889.486.792.723,321.653.166.458.122,293.547.870.436.125,293.647.378.670.492,290.006.193.033.471,291.910.794.903.954,281.560.881.698.955,283.313.768.341.631,302.177.517.344.562,315.920.554.143.668,267.161.490.487.759,299.076.197.158.287,310.796.352.394.265
India,IND,Exports of goods and services (% of GDP),NE.EXP.GNFS.ZS,342.395.470.688.431,332.967.695.207.152,320.378.092.613.948,400.544.740.847.553,372.555.117.263.129,330.747.278.088.062,324.116.335.162.739,403.444.499.534.157,368.356.953.055.802,304.759.963.306.493,298.257.255.614.152,325.817.251.696.533,302.271.233.476.959,307.998.107.651.754,290.748.893.382.992,306.939.501.779.359,324.504.712.438.085,308.689.102.619.549,310.230.625.145.373,285.411.485.405.869,318.709.881.241.294,432.683.564.589.034,309.248.563.230.201,279.418.061.120.348,265.806.208.870.658,267.565.263.896.781,313.409.925.326.254,283.439.429.745.095,324.734.736.118.608,320.333.356.381.271,273.057.589.781.449,283.512.610.672.578,263.345.162.207.629,294.424.528.741.736,283.762.298.411.195,263.121.650.131.426,260.050.149.675.925,278.592.432.831.317,261.264.919.786.729,253.959.353.639.031,277.900.585.628.522,283.093.152.584.779,280.252.710.251.937,284.157.515.598.623,321.122.956.028.892,311.205.692.547.946,324.506.649.497.581,315.221.165.305.465,324.722.234.094.124,292.918.659.785.048,312.300.836.430.843,322.076.226.747.684,301.837.114.553.703,302.072.069.848.421,292.263.167.535.188,299.216.654.806.929,290.925.694.350.035,291.840.001.468.862,311.528.780.813.097,325.272.015.787.758,274.502.276.377.653,304.820.644.403.579,313.222.324.102.825
Malaysia,MYS,Exports of goods and services (% of GDP),NE.EXP.GNFS.ZS,430.582.953.540.576,352.925.193.938.904,330.163.990.495.392,418.454.935.622.318,376.896.387.509.354,360.082.230.435.755,364.069.906.823.357,409.649.661.954.518,403.877.100.579.767,367.583.358.517.175,319.384.978.942.049,331.497.797.356.828,324.792.352.295.878,315.483.458.340.601,293.503.369.316.148,319.427.688.324.119,329.947.207.313.356,320.913.335.247.534,344.096.982.244.765,300.658.227.531.897,331.471.283.290.573,471.895.079.990.201,333.830.724.919.319,330.537.439.712.241,267.498.926.521.639,268.716.448.597.919,319.677.081.694.758,288.940.109.881.547,324.892.615.964.826,325.370.110.134.318,279.221.777.772.976,300.117.263.444.518,283.968.368.080.518,304.102.380.632.048,335.983.064.955.583,273.689.425.027.528,264.988.115.545.834,281.619.510.426.304,270.929.395.510.065,260.765.353.865.349,285.949.742.490.286,286.635.482.851.857,283.825.969.991.682,287.410.134.063.162,322.166.946.182.599,315.271.066.809.868,326.817.671.248.193,318.032.448.292.237,326.027.140.173.081,293.218.220.643.896,312.325.779.467.158,322.076.226.747.684,312.430.972.740.698,302.532.656.403.818,301.329.866.374.292,299.956.578.647.983,302.475.371.833.945,309.026.308.764.808,315.360.236.543.653,343.253.215.593.308,276.003.027.891.256,311.938.142.964.234,315.023.331.689.219
Turkiye,TUR,Exports of goods and services (% of GDP),NE.EXP.GNFS.ZS,446.315.645.554.752,387.081.067.921.772,343.926.245.454.881,428.050.338.490.125,418.918.698.703.132,363.898.500.576.701,374.521.317.334.695,411.931.818.181.818,406.998.720.900.407,367.617.975.662.223,332.308.246.395.716,338.194.011.228.946,327.774.303.384.059,316.225.165.562.914,321.411.309.811.503,336.889.362.162.921,330.545.839.253.536,348.307.916.990.354,365.212.030.703.704,311.483.002.053.416,343.384.614.657.894,497.050.639.955.481,364.232.286.853.153,334.650.312.986.091,273.149.786.111.737,279.028.811.282.273,323.673.988.575.792,300.855.474.651.656,330.119.684.687.748,337.000.228.268.292,316.898.746.701.998,313.010.165.986.087,289.617.919.307.636,360.372.238.835.064,362.085.399.180.065,283.832.559.443.326,265.678.258.585.136,283.455.147.196.928,271.844.537.490.724,263.775.416.402.476,292.077.583.521.568,309.676.060.430.798,284.311.672.176.802,291.796.262.546.517,367.543.364.487.134,316.320.454.746.131,328.409.302.336.696,319.317.679.733.426,330.416.947.427.058,293.241.639.578.054,313.352.666.291.342,324.724.708.770.444,312.888.711.955.809,305.758.831.810.158,304.876.572.080.909,299.958.538.899.695,307.345.951.424.219,326.064.609.907.781,317.136.672.102.555,367.422.534.363.826,287.331.269.769.847,319.796.676.873.792,316.769.143.599.338
Gabon,GAB,Exports of goods and services (% of GDP),NE.EXP.GNFS.ZS,530.685.305.148.312,430.358.618.999.823,351.782.319.655.902,457.183.758.459.136,440.820.813.484.793,368.234.112.802.319,397.351.059.164.083,480.539.071.856.287,432.270.720.941.638,371.384.282.048.158,347.368.289.473.684,344.541.016.927.642,335.121.208.130.561,322.191.798.476.263,331.431.557.400.906,352.638.069.244.657,337.166.184.612.989,349.588.687.563.848,405.522.544.937.054,312.434.061.793.519,350.016.293.313.943,513.086.315.280.464,369.028.998.883.825,356.961.042.770.677,289.039.626.523.546,307.232.020.242.543,351.913.124.628.828,316.323.145.191.391,340.243.172.983.118,348.511.554.182.602,324.945.768.177.077,333.616.500.509.375,303.074.635.078.275,363.893.323.975.465,370.402.808.384.151,283.855.228.757.692,265.678.258.585.136,296.317.485.339.516,304.484.622.667.584,287.375.016.334.886,292.799.476.754.907,309.700.793.829.881,297.727.544.096.379,304.776.547.809.661,375.440.247.582.553,318.789.802.249.852,347.577.225.193.687,319.858.998.199.819,330.429.927.414.852,339.814.683.160.339,320.607.063.319.267,325.880.442.254.751,316.513.173.356.963,305.916.493.612.524,313.629.152.835.975,300.017.608.897.127,311.932.394.892.801,327.626.831.479.863,334.548.958.825.786,370.878.176.661.963,307.956.567.880.259,329.316.421.550.686,334.438.714.086.283
South Asia,SAS,Exports of goods and services (% of GDP),NE.EXP.GNFS.ZS,592.771.602.333.949,458.348.954.869.937,388.084.176.004.373,471.029.950.587.534,447.316.103.379.722,432.432.432.432.432,409.771.473.601.261,539.638.050.086.672,484.224.832.860.128,472.187.555.714.031,357.693.255.143.477,366.720.521.706.169,352.892.515.392.445,357.538.908.205.438,336.758.838.502.875,358.880.778.588.808,348.104.859.377.918,381.520.401.401.117,414.691.194.133.637,321.802.670.890.177,375.754.248.493.593,523.388.818.495.826,380.409.371.566.553,360.372.426.806.069,336.805.458.168.701,326.565.044.433.589,373.161.572.002.006,334.299.901.983.188,344.817.202.173.483,349.215.280.475.187,341.319.282.448.808,334.061.064.318.297,319.094.869.275.422,367.751.279.423.271,382.421.139.088.502,325.917.012.190.029,278.428.939.392.826,296.341.151.807.663,304.508.941.433.706,320.783.389.537.313,292.799.476.754.908,317.877.410.482.541,313.611.614.383.072,313.978.372.633.201,383.295.457.722.258,319.435.695.370.158,356.264.186.161.218,330.638.919.313.618,341.636.395.532.671,344.795.962.140.846,328.294.113.467.273,352.813.763.529.836,318.158.860.090.661,313.056.529.459.396,314.308.411.236.325,302.031.245.036.776,312.600.963.003.845,338.729.624.845.644,337.385.107.761.536,374.495.994.213.844,312.902.836.739.319,353.030.142.248.797,340.127.739.939.978
South Asia (IDA & IBRD),TSA,Exports of goods and services (% of GDP),NE.EXP.GNFS.ZS,592.771.602.333.949,462.445.568.889.055,400.847.871.772.255,558.355.694.711.697,496.147.086.656.753,448.950.276.243.094,414.255.065.953.483,539.638.050.086.672,535.908.325.484.848,500.038.737.022.623,365.257.629.252.318,404.631.416.441.528,360.126.582.278.481,388.315.137.208.616,356.752.500.926.269,367.285.825.507.322,372.050.049.388.261,426.260.418.396.138,437.214.372.163.389,346.033.223.630.751,506.197.268.111.518,580.210.448.587.779,507.529.986.612.758,515.274.544.318.892,339.625.513.455.005,356.229.213.565.217,394.959.084.089.505,348.152.554.935.258,367.305.839.700.992,436.122.957.901.529,341.902.683.361.643,338.489.914.277.012,334.084.029.509.583,368.172.895.601.126,405.274.018.640.381,352.267.216.224.166,278.451.177.127.524,309.063.113.798.645,338.713.517.576.318,349.811.021.074.665,301.237.538.780.926,318.473.112.661.696,317.734.482.856.607,346.502.382.882.408,383.326.071.000.886,338.298.575.659.931,360.350.255.523.532,354.347.985.287.157,359.192.996.139.568,346.323.050.259.288,334.995.745.908.321,369.366.085.502.594,320.970.961.441.446,323.780.323.701.476,318.734.413.093.812,305.926.223.781.313,312.874.562.644.429,338.768.744.319.153,338.284.373.726.717,380.360.807.474.106,313.037.695.905.494,367.687.724.578.057,356.707.253.633.188
Brazil,BRA,Exports of goods and services (% of GDP),NE.EXP.GNFS.ZS,612.391.381.286.847,484.713.156.990.725,405.265.875.064.533,558.355.694.711.697,497.682.395.568.676,454.967.502.321.263,564.133.810.601.489,567.719.217.542.334,535.908.325.484.848,500.038.737.022.623,378.282.506.202.996,504.891.229.381.093,373.721.479.150.275,414.837.365.806.762,370.107.546.471.338,407.357.359.295.888,403.771.547.420.965,429.846.153.846.154,455.595.414.706.769,367.952.794.915.437,510.674.383.524.334,593.602.662.657.806,508.730.171.408.489,555.591.779.958.487,343.819.953.144.238,467.749.129.816.887,398.337.009.349.443,417.343.061.338.469,378.808.377.076.682,457.955.821.789.592,402.284.234.619.564,359.643.095.170.182,352.817.522.363.199,389.036.301.698.042,445.134.996.866.406,371.240.310.199.484,280.548.089.119.745,324.102.909.291.879,384.329.891.771.387,355.141.290.838.601,321.275.352.850.362,318.906.200.886.267,317.759.859.870.755,346.530.057.548.983,393.033.251.214.107,340.672.676.279.992,401.315.252.646.825,362.705.041.855.418,375.557.718.456.411,351.383.528.798.525,368.456.059.033.671,376.897.802.745.717,322.655.677.637.235,332.098.978.857.357,322.880.380.064.469,321.271.612.438.756,318.134.375.482.687,346.570.625.717.339,361.906.824.485.852,388.212.851.623.816,319.064.976.578.059,384.633.350.472.476,378.940.143.381.867
East Asia & Pacific (IDA & IBRD countries),TEA,Exports of goods and services (% of GDP),NE.EXP.GNFS.ZS,628.181.356.216.762,514.603.616.133.519,416.897.528.321.772,699.246.952.427.988,497.682.395.568.676,473.143.183.470.085,564.133.810.601.489,615.702.992.810.012,599.087.444.407.956,546.554.602.013.933,442.748.091.603.053,504.891.229.381.093,402.748.926.155.276,420.876.319.232.872,387.490.436.138.728,435.941.366.837.997,417.414.702.582.362,455.849.946.808.511,470.803.423.546.843,420.245.802.111.015,516.193.170.955.531,633.635.064.316.341,545.619.826.802.545,560.384.903.116.941,377.084.515.193.636,525.455.499.628.708,475.614.831.255.821,426.949.203.879.677,406.221.547.799.696,485.242.020.194.741,460.385.042.576.823,400.779.731.552.293,368.037.503.160.956,423.007.509.178.415,469.043.746.945.676,381.292.145.023.082,297.604.483.251.847,352.222.875.438.087,395.366.811.034.608,390.366.070.862.465,332.488.608.359.816,355.641.570.687.808,322.572.203.545.438,350.609.745.308.001,396.857.495.120.642,352.732.351.244.367,416.159.692.899.261,373.921.796.905.127,375.587.713.732.495,353.716.518.568.122,379.039.943.184.914,387.881.186.400.386,338.455.905.043.756,342.006.661.441.407,330.039.029.664.774,338.317.049.892.785,370.421.710.841.871,350.340.942.348.023,385.638.482.851.901,392.758.610.673.609,319.884.491.678.224,387.501.272.510.812,411.178.936.427.843
East Asia & Pacific (excluding high income),EAP,Exports of goods and services (% of GDP),NE.EXP.GNFS.ZS,652.998.418.110.859,573.924.309.168.778,460.421.086.992.003,699.302.800.315.964,513.733.827.248.161,473.143.183.470.085,622.389.059.939.818,615.752.168.157.362,648.445.346.277.515,620.312.773.069.442,455.575.281.088.849,531.958.762.886.598,601.867.865.790.384,424.134.678.180.103,409.232.988.699.207,442.134.657.151.722,451.047.313.123.201,501.422.387.136.673,490.550.599.165.919,474.117.647.058.824,530.592.444.363.592,692.104.948.030.999,552.676.056.338.028,579.454.454.454.454,453.119.276.970.722,538.447.860.037.049,488.429.867.272.651,466.017.909.703.988,436.311.220.853.134,534.584.503.277.574,480.631.753.995.328,472.634.592.944.107,369.724.756.680.199,428.363.705.696.619,478.223.986.846.938,417.592.996.636.706,321.121.821.725.595,391.319.850.981.967,400.209.948.883.021,401.114.332.826.671,332.515.163.765.582,366.893.054.432.186,326.876.208.878.375,366.134.689.904.685,400.532.239.019.033,352.830.827.957.409,416.192.930.998.946,397.286.909.235.439,388.064.606.509.756,354.127.413.052.547,384.445.473.501.205,388.772.569.320.241,368.905.478.100.074,425.268.091.342.415,341.613.628.875.217,345.248.858.421.072,388.818.177.036.764,376.515.684.577.081,389.929.061.011.015,399.185.126.725.089,350.945.890.759.895,408.740.030.513.676,411.615.469.285.637
Mexico,MEX,Exports of goods and services (% of GDP),NE.EXP.GNFS.ZS,653.050.572.192.299,573.924.309.168.778,469.184.275.899.831,751.879.705.708.956,556.371.560.478.508,622.587.443.766.796,622.438.769.294.111,686.774.096.385.542,651.322.829.582.158,620.362.316.593.572,497.206.592.802.996,600.723.288.128.889,679.779.818.466.859,569.349.212.502.938,456.968.875.668.011,455.489.879.992.835,455.847.587.261.855,509.007.232.084.155,520.605.378.873.095,498.072.294.787.018,549.428.379.105.126,720.348.294.291.338,598.329.984.863.978,583.762.942.427.856,542.690.131.992.458,558.611.614.962.384,518.293.196.330.185,499.004.963.895.921,542.830.096.531.266,554.014.371.794.136,517.773.595.800.525,502.073.386.550.488,406.920.969.216.899,440.842.310.016.062,555.594.973.476.051,484.351.276.518.916,348.867.097.256.752,482.370.587.073.887,439.628.410.453.671,425.578.657.678.708,339.391.689.573.172,390.321.390.955.111,327.619.513.128.115,382.488.294.222.687,411.474.766.418.853,401.755.720.109.201,433.140.351.086.932,403.715.005.555.269,411.625.607.908.642,358.336.618.587.618,404.666.057.213.731,442.363.979.167.201,384.680.542.162.362,452.143.233.319.461,432.661.612.480.684,400.836.333.935.371,401.326.509.111.205,409.342.069.409.884,392.575.517.289.021,401.099.326.212.275,394.927.686.700.181,411.018.689.587.122,482.565.227.414.909
Pakistan,PAK,Exports of goods and services (% of GDP),NE.EXP.GNFS.ZS,710.041.073.177.265,621.526.538.520.369,560.398.505.603.985,789.045.420.262.462,646.099.666.497.353,641.465.896.996.381,653.020.390.757.968,692.060.991.391.436,651.374.849.836.657,667.156.538.418.794,586.619.739.349.943,609.495.220.789.688,679.834.111.541.742,569.349.212.502.938,473.709.309.039.233,470.472.117.124.527,474.608.176.819.018,515.937.409.446.537,555.766.316.100.946,516.284.335.734.386,575.448.337.960.531,720.348.294.291.338,656.197.146.647.253,613.247.697.902.964,555.783.524.192.628,567.882.159.044.087,519.622.166.035.989,551.267.916.207.277,603.521.975.491.128,592.245.978.546.885,550.554.070.628.939,530.295.141.611.517,460.755.528.555.794,470.957.972.005.807,585.170.212.549.371,496.944.197.111.298,400.119.930.195.513,534.364.674.504.041,474.063.516.068.053,529.289.434.584.401,354.978.251.417.642,405.085.725.030.293,355.045.367.079.002,403.257.049.709.808,422.076.534.629.626,405.253.614.901.009,438.656.742.009.237,405.821.375.084.213,419.433.070.929.295,371.156.347.956.721,421.443.315.144.427,450.169.265.724.375,403.592.181.740.371,479.414.903.194.725,445.208.923.945.675,427.281.670.012.992,427.141.047.814.182,413.388.079.048.178,414.548.165.613.247,448.045.000.879.666,419.051.665.728.821,419.418.896.471.946,487.371.821.227.688
Benin,BEN,Exports of goods and services (% of GDP),NE.EXP.GNFS.ZS,717.486.277.584.855,624.034.025.400.497,669.914.738.124.239,817.612.914.928.351,666.500.439.091.915,641.517.129.991.292,665.291.738.359.955,766.582.205.030.885,703.792.915.531.335,692.157.005.006.167,586.666.591.858.022,629.148.731.724.424,717.538.821.721.874,588.454.314.090.627,483.113.133.257.503,495.242.214.532.872,485.908.649.173.955,638.317.181.373.801,617.581.602.373.887,541.230.170.607.602,591.161.214.157.888,744.757.798.971.743,692.084.200.493.578,620.834.467.472.878,608.112.721.517.023,575.095.670.120.824,562.966.170.349.471,560.458.088.400.396,661.955.980.927.653,613.928.895.137.563,561.460.915.538.142,666.261.196.863.293,481.795.630.951.428,487.946.135.128.426,616.756.399.787.038,508.364.978.420.338,452.499.107.331.541,570.026.475.295.202,492.891.721.003.754,541.300.336.933.117,387.900.457.000.845,429.207.450.800.425,392.245.352.070.616,406.717.129.184.331,426.906.424.082.589,405.285.981.947.312,474.874.330.005.625,445.034.938.577.556,476.418.852.095.772,395.302.508.197.518,446.788.529.489.048,452.711.911.918.356,509.027.988.216.362,512.920.711.097.027,450.076.685.375.953,437.667.675.162.599,440.353.472.921.111,429.200.424.885.539,417.132.908.430.894,478.092.109.523.511,454.932.000.033.401,420.354.952.410.099,497.109.856.996.645
Niger,NER,Exports of goods and services (% of GDP),NE.EXP.GNFS.ZS,760.404.910.825.644,624.083.866.135.909,679.446.082.519.702,832.014.150.943.396,666.553.671.561.115,705.507.349.034.886,684.654.487.020.172,842.953.560.931.158,753.342.385.627.742,754.647.783.251.231,702.942.560.498.826,645.722.050.038.782,719.776.583.908.352,653.940.933.400.325,485.746.437.909.565,564.706.215.785.578,518.212.568.987.004,704.075.196.547.742,669.298.607.932.397,584.858.827.179.646,600.166.481.687.015,823.693.203.391.976,692.084.200.493.578,696.917.078.138.858,616.275.430.359.937,625.724.758.413.862,641.394.636.523.963,628.944.934.328.174,664.155.028.688.968,701.613.027.794.311,590.831.648.660.892,731.660.444.266.046,524.569.682.090.922,517.524.597.892.374,630.258.595.021.786,512.758.059.771.229,547.594.046.632.038,608.807.385.501.806,577.965.578.038.389,551.972.682.896.055,409.773.084.738.704,452.330.164.667.316,412.470.904.455.775,421.529.981.602.708,496.137.877.815.052,434.645.223.606.983,475.844.412.158.485,451.298.518.955.866,479.733.430.015.871,434.539.788.044.118,457.589.061.967.483,512.576.866.755.535,540.940.513.351.953,529.343.405.840.282,475.626.547.300.206,451.667.574.562.581,449.994.634.933.708,430.938.548.370.178,422.772.872.266.654,514.310.732.271.996,475.047.621.419.628,462.771.601.819.101,497.779.295.600.035
Indonesia,IDN,Exports of goods and services (% of GDP),NE.EXP.GNFS.ZS,850.552.147.239.264,642.021.675.517.618,679.500.348.939.556,893.314.544.401.188,763.306.772.908.367,713.254.751.022.372,690.692.612.981.692,877.565.463.552.725,797.759.855.918.966,767.885.329.031.493,761.659.441.687.085,663.176.974.310.181,727.211.396.407.972,703.296.703.296.703,492.980.160.554.514,582.405.179.865.594,668.651.286.166.981,724.526.115.542.366,708.126.730.988.238,610.921.948.081.309,613.955.113.216.183,888.982.771.406.123,790.048.452.532.258,696.917.078.138.858,628.340.139.288.612,635.407.684.367.901,641.394.636.523.963,745.005.252.465.942,705.219.405.269.035,713.768.494.673.724,705.335.023.414.457,746.443.030.843.186,556.840.818.985.812,690.935.153.370.832,752.994.872.591.672,515.079.191.273.105,616.027.363.926.995,613.040.108.069.859,579.373.028.444.006,564.385.428.614.735,420.697.177.213.416,486.576.082.380.348,426.162.518.930.867,488.268.578.340.104,510.088.580.567.156,472.051.950.916.585,488.106.865.549.172,470.681.648.423.813,490.869.229.216.005,451.853.519.113.199,471.037.369.107.414,533.377.319.003.336,580.820.278.199.554,573.574.058.813.271,478.314.208.662.979,460.320.085.043.705,500.449.100.738.247,502.267.539.725.926,442.281.439.237.392,517.203.999.926.172,512.531.269.468.598,500.028.999.994.313,511.886.750.209.775
Greece,GRC,Exports of goods and services (% of GDP),NE.EXP.GNFS.ZS,954.757.459.974.287,812.123.514.143.341,835.003.041.643.498,906.881.077.038.145,764.662.716.770.438,750.316.443.059.153,844.198.480.442.735,899.497.204.377.971,798.790.761.892.723,769.564.440.640.838,775.461.711.711.712,764.040.816.326.531,730.874.377.880.184,761.266.772.119.213,532.291.838.183.109,689.445.454.545.455,701.316.307.160.746,752.970.109.682.457,708.126.730.988.238,674.963.815.730.053,727.395.162.918.184,914.335.050.943.539,795.978.953.352.709,720.471.973.655.622,726.567.829.087.085,635.407.684.367.901,683.308.494.783.905,787.320.581.340.031,728.516.040.724.546,795.440.069.905.221,744.661.197.000.361,767.504.334.832.217,622.745.440.322.732,706.252.297.728.641,874.053.183.100.128,593.869.990.303.814,626.632.449.876.408,698.364.957.530.895,670.210.650.697.895,596.125.043.538.837,429.303.221.800.166,513.817.002.306.282,468.580.418.118.256,519.294.344.950.898,550.391.552.768.837,529.235.535.447.696,517.808.267.603.935,476.102.603.456.699,513.252.766.875.914,521.717.321.839.785,576.634.923.763.037,617.443.721.274.506,609.503.414.381.301,613.797.617.461.963,531.526.619.326.199,530.908.973.428.197,546.113.547.604.529,580.645.475.862.676,456.830.615.126.713,595.188.906.218.859,514.949.033.742.486,555.421.784.992.529,525.863.535.243.361
"Korea, Rep.",KOR,Exports of goods and services (% of GDP),NE.EXP.GNFS.ZS,967.070.326.506.191,841.248.587.570.622,860.238.039.160.236,907.138.303.289.599,772.210.118.615.347,763.424.908.424.908,934.809.400.129.507,911.236.297.198.538,833.080.893.013.733,814.599.241.256.528,788.293.430.470.082,772.184.048.355.023,806.017.699.115.044,784.487.342.902.518,572.811.617.587.737,721.800.682.637.617,763.877.912.191.957,752.970.109.682.457,791.995.306.694.479,724.078.004.876.568,727.395.162.918.184,962.284.037.096.842,838.117.106.773.823,814.920.432.298.747,726.567.829.087.085,662.910.488.224.616,816.197.754.429.543,824.709.875.120.902,729.447.527.305.744,892.960.967.188.901,787.299.229.412.311,778.255.528.255.528,758.667.691.037.111,789.202.875.826.103,891.507.768.813.216,647.045.701.571.672,673.020.968.312.685,755.966.393.744.929,703.050.033.871.807,722.900.710.687.918,432.584.584.604.537,517.920.216.470.328,521.574.267.782.427,540.940.274.951.722,584.229.834.527.808,590.058.417.153.113,560.546.420.538.277,535.090.115.392.915,621.997.120.113.374,644.386.124.917.652,664.861.731.592.239,708.549.093.801.611,685.645.263.673.087,671.711.410.731.483,612.829.678.934.065,641.727.356.534.236,638.452.218.976.084,602.657.432.870.477,542.990.764.910.062,652.777.668.428.576,570.127.050.989.658,584.575.926.691.703,613.838.511.314.544
Bangladesh,BGD,Exports of goods and services (% of GDP),NE.EXP.GNFS.ZS,974.504.088.060.245,895.749.302.316.734,927.999.940.608.004,923.332.167.594.574,890.005.388.991.768,897.965.718.654.229,972.594.062.414.099,930.614.212.330.159,873.983.590.408.219,965.871.537.583.368,831.311.289.260.521,815.685.077.339.779,828.193.861.786.568,841.201.157.742.402,767.312.781.088.189,827.564.572.417.933,763.877.912.191.957,915.264.423.076.923,835.795.292.099.495,766.699.845.059.946,846.634.929.524.876,965.074.294.081.432,846.237.429.039.146,865.942.568.070.228,789.354.531.549.557,832.744.409.232.092,871.924.863.992.301,915.740.321.103.242,729.447.527.305.744,902.734.505.345.022,819.723.805.886.395,849.424.077.053.547,874.918.052.248.067,901.726.903.574.974,900.154.364.628.231,752.887.503.847.073,684.582.134.338.693,779.733.936.179.779,762.776.297.713.242,757.575.757.575.758,488.022.576.190.038,542.752.324.798.833,526.088.996.947.807,638.141.402.548.028,659.718.573.391.185,600.086.727.573.886,605.718.165.208.079,680.000.013.631.119,714.164.181.071.068,660.000.027.378.395,685.280.915.300.939,736.117.327.393.895,689.512.356.297.981,756.290.410.302.627,683.941.351.612.178,642.291.092.918.573,667.754.454.542.508,611.214.425.821.293,710.295.689.513.304,737.922.877.464.661,615.992.392.171.098,586.379.928.936.189,657.850.237.025.769
Latin America & Caribbean (excluding high income),LAC,Exports of goods and services (% of GDP),NE.EXP.GNFS.ZS,990.385.786.841.929,948.361.416.286.503,928.357.491.437.059,931.114.997.448.992,926.666.052.985.036,948.485.101.763.618,976.521.256.979.993,964.439.798.011.973,933.464.258.694.558,982.836.205.346.028,944.122.815.724.685,969.523.223.198.312,912.993.589.851.439,887.745.156.011.069,840.866.666.666.667,865.040.497.268.789,848.983.223.924.143,934.302.962.310.014,860.838.993.811.478,766.699.845.059.946,880.938.056.475.716,982.550.554.326.081,909.049.307.859.513,904.558.008.305.351,804.402.704.011.295,888.359.538.145.449,921.727.907.000.127,974.490.293.553.833,757.267.131.348.335,974.574.398.986.099,829.799.551.516.508,867.763.659.887.868,876.108.880.471.829,938.196.084.636.915,951.307.642.702.004,940.891.703.712.361,915.761.512.146.674,932.894.480.029.809,799.975.012.493.753,777.940.723.822.228,518.318.100.701.299,726.923.143.147.395,606.457.526.009.701,777.683.832.547.847,695.274.828.690.709,620.000.016.552.948,686.753.420.333.013,684.853.907.202.658,734.029.185.288.145,914.167.918.670.926,869.302.950.693.543,852.554.421.085.998,792.999.139.255.312,909.525.606.883.305,737.934.986.257.765,676.366.902.705.865,670.708.839.693.011,666.728.324.663.767,765.020.198.466.392,845.298.341.762.853,929.855.904.268.724,688.389.246.323.815,714.225.180.934.078
Upper middle income,UMC,Exports of goods and services (% of GDP),NE.EXP.GNFS.ZS,999.668.529.799.247,950.754.475.868.092,996.858.243.054.055,998.348.512.216.024,961.050.926.145.825,966.271.640.919.629,998.157.876.782.425,973.398.456.930.216,963.384.781.024.929,983.522.663.874.246,960.815.437.615.651,981.740.612.459.566,955.974.936.871.196,887.816.058.990.127,975.339.745.122.198,917.188.159.456.711,917.538.829.640.174,961.589.241.271.337,943.039.912.892.579,995.599.103.213.485,896.239.487.326.747,986.156.842.726.433,998.075.998.075.998,915.152.068.682.072,846.715.113.496.639,989.480.359.560.201,984.529.598.057.477,982.848.202.733.551,953.161.297.293.404,982.726.963.320.096,829.799.551.516.508,991.737.770.059.179,884.292.692.502.088,983.421.745.486.326,988.808.491.615.672,968.041.025.959.015,970.650.764.952.346,983.547.257.876.313,963.904.758.759.618,982.717.451.494.235,690.321.767.086.082,774.200.268.515.354,815.164.254.833.959,808.123.655.970.076,805.297.928.332.926,750.050.837.514.178,774.641.294.571.561,688.722.751.702.483,994.995.772.447.266,984.164.990.187.971,970.000.163.931.346,880.000.028.373.483,969.609.531.952.923,950.689.116.839.014,760.891.112.283.276,694.486.908.970.754,873.671.724.677.937,822.161.246.904.219,858.179.970.762.808,939.086.337.877.951,964.039.992.272.566,905.820.476.789.219,738.363.347.646.657